Fecha,Producto,Cantidad/Peso,Precio Unidad,Total,Importe Total Ticket
2024-01-27,BROU CASOLÀ DE PEIX,1,1.15,1.15,12.92
2024-01-27,BOSSA PLÀSTIC,1,0.15,0.15,12.92
2024-01-27,FLOR. BROCOLI,1,1.52,1.52,12.92
2024-01-27,CEBA TUB,1,1.85,1.85,12.92
2024-01-27,ALLIOLI TERRINA,2,1.35,2.7,12.92
2024-01-27,FLAN QUESO,1,2.0,2.0,12.92
2024-01-27,PROT. NORMAL,1,1.85,1.85,18.07
2024-01-27,SOPA POLLASTRE FIDEU,1,1.0,1.0,18.07
2024-01-27,PAPER HUMIT WC,3,1.55,4.65,18.07
2024-01-27,BLANQUEJADOR DENTIFR,1,3.95,3.95,18.07
2024-01-27,DESODORANT BOLA DOVE,1,2.15,2.15,18.07
2024-01-30,BEGUDA AVENA,2,0.95,1.9,25.23
2024-01-30,BOSSA PLÀSTIC,1,0.15,0.15,25.23
2024-01-30,BÍFIDUS CREMÓS COCO,1,1.3,1.3,25.23
2024-01-30,BÍFIDUS FIBRES I CER,1,1.3,1.3,25.23
2024-01-30,BÍFIDUS NATURAL,1,1.4,1.4,25.23
2024-01-30,PATATES BRAVES ALLIO,1,2.5,2.5,25.23
2024-01-30,CRUNCHY CHICKEN,1,2.15,2.15,25.23
2024-02-01,BAGUET,1,0.55,0.55,25.83
2024-02-01,ROTLLE LLAR DOBLE,1,2.2,2.2,25.83
2024-02-01,PA HOT DOG,1,0.95,0.95,25.83
2024-02-01,RAÏM BLANC SENSE PEP,1,2.57,2.57,25.83
2024-02-01,BEURE FRUITES BOSC,1,2.05,2.05,25.83
2024-02-01,RAÏM VERMELLA SENSE,1,2.84,2.84,25.83
2024-02-01,BÍFIDUS FIBRES I CER,1,1.3,1.3,25.83
2024-02-01,GNOCCHI QUESOS,1,1.91,1.91,25.83
2024-02-01,FORMATGE TALLS LIGHT,1,2.32,2.32,25.83
2024-02-01,FORMATGE RATLLAT POL,1,1.64,1.64,25.83
2024-02-01,CERVESA VOLL-DAMM,2,0.99,1.98,25.83
2024-02-01,TOMÀQUET R. ARTESANA,2,1.5,3.0,25.83
2024-02-02,HIGIÈNIC DOBLE ROTLL,1,4.4,4.4,45.56
2024-02-02,CUIDACOL NATURAL,1,2.7,2.7,45.56
2024-02-02,FLOCS DE CIVADA,1,0.95,0.95,45.56
2024-02-02,BURGER BOVÍ PORC,1,3.78,3.78,45.56
2024-02-02,BÍFIDUS FIBRES I CER,1,1.3,1.3,45.56
2024-02-02,FESTUC NATURAL,1,2.64,2.64,45.56
2024-02-02,XAPATA VIDRE,1,0.35,0.35,8.0
2024-02-02,BOSSA PAPER,1,0.1,0.1,8.0
2024-02-02,LS PATATA PANADERA,1,2.5,2.5,8.0
2024-02-02,CAFÉ G.AROMA MESCLA,1,3.45,3.45,8.0
2024-02-03,BOSSA PLÀSTIC,1,0.15,0.15,13.29
2024-02-03,RAÏM VERMELLA SENSE,1,2.64,2.64,13.29
2024-02-05,BAGUET,1,0.55,0.55,21.48
2024-02-05,BEGUDA AVENA,1,0.95,0.95,21.48
2024-02-05,LLET SENCERA,1,0.91,0.91,21.48
2024-02-05,BÍFIDUS CREMÓS COCO,1,1.3,1.3,21.48
2024-02-05,NUBI MALLOW,1,0.95,0.95,21.48
2024-02-05,BÍFIDUS FIBRES I CER,1,1.3,1.3,21.48
2024-02-05,FUSILLI SENSE GLUTEN,1,2.0,2.0,21.48
2024-02-05,RAÏM BLANC SENSE PEP,1,2.43,2.43,21.48
2024-02-05,FORMATGE TALLS LIGHT,1,2.32,2.32,21.48
2024-02-06,PA HOT DOG,1,0.95,0.95,29.73
2024-02-06,MELÓ GRIPAU PARTIT,1,2.94,2.94,29.73
2024-02-06,RAÏM VERMELLA SENSE,1,2.87,2.87,29.73
2024-02-06,PATATES BRAVES ALLIO,1,2.5,2.5,29.73
2024-02-06,CACAUET FREGIT,1,1.3,1.3,29.73
2024-02-06,PERNIL SERRÀ SOBRE,1,4.1,4.1,29.73
2024-02-06,FORMATGE TALLS LIGHT,1,2.36,2.36,29.73
2024-02-09,BEURE FRUITES BOSC,2,2.05,4.1,60.23
2024-02-09,COSTELLA XURRASCO,1,5.89,5.89,60.23
2024-02-09,BÍFIDUS NATURAL,1,1.4,1.4,60.23
2024-02-09,BÍFIDUS CREMÓS COCO,1,1.3,1.3,60.23
2024-02-09,BÍFIDUS FIBRES I CER,1,1.3,1.3,60.23
2024-02-09,BOSSA RÀFIA,1,0.65,0.65,60.23
2024-02-09,LLENTIA PARDINA,1,2.1,2.1,60.23
2024-02-09,ARRÒS LLARG,1,1.3,1.3,60.23
2024-02-09,CANSALADA,1,2.02,2.02,60.23
2024-02-09,F.TALLS EDAM TENDRE,1,2.0,2.0,60.23
2024-02-09,ARRÒS INTEGRAL,1,1.7,1.7,60.23
2024-02-09,CERVESA VOLL-DAMM,2,0.99,1.98,60.23
2024-02-09,TALL PIT FI,1,4.44,4.44,60.23
2024-02-09,TALL PIT FI,1,5.07,5.07,60.23
2024-02-09,CERVES.SHANDY LLAUNA,2,0.35,0.7,60.23
2024-02-09,TOMÀQUET R. ARTESANA,1,1.5,1.5,60.23
2024-02-09,RAÏM BLANC SENSE PEP,1,2.68,2.68,60.23
2024-02-09,LLET SENCERA,1,0.91,0.91,60.23
2024-02-10,TAMPAX COMPAK SP,1,5.75,5.75,96.22
2024-02-10,COMP. CLÀSSICA PLEG,1,1.18,1.18,96.22
2024-02-10,COMP. CLÀSSICA NORM,1,1.13,1.13,96.22
2024-02-10,FLAN QUESO,1,2.0,2.0,96.22
2024-02-10,FLOCS DE CIVADA,1,0.95,0.95,96.22
2024-02-10,PAPER HUMIT WC,2,1.55,3.1,96.22
2024-02-10,BEURE FRUITES BOSC,1,2.05,2.05,96.22
2024-02-10,CORS ROMANA,1,1.63,1.63,96.22
2024-02-10,GREC NATURAL,1,2.45,2.45,96.22
2024-02-10,NETEJADOR ESPONJÓS F,1,1.55,1.55,96.22
2024-02-10,GEL COCO,1,1.4,1.4,96.22
2024-02-10,DET.LI.FRESCURA BLAU,1,3.5,3.5,96.22
2024-02-10,CAFÈ MÒLT FORT,1,2.95,2.95,96.22
2024-02-10,MELMELADA MADUIXA,1,1.55,1.55,96.22
2024-02-10,XAMPÚ PURIFICADOR,1,3.55,3.55,96.22
2024-02-10,BÍFIDUS FIBRES I CER,1,1.3,1.3,96.22
2024-02-10,GEL AMB LLEIXIU,1,1.9,1.9,96.22
2024-02-10,BEGUDA AVENA,2,0.95,1.9,96.22
2024-02-10,BATUT XOCOLATA PAQUE,1,1.5,1.5,96.22
2024-02-10,RAÏM BLANC SENSE PEP,1,3.09,3.09,96.22
2024-02-10,FESTUC NATURAL,2,2.64,5.28,96.22
2024-02-10,PRÉSSEC ALMÍV PAQUET,1,2.35,2.35,96.22
2024-02-10,FORMATGE RATLLAT POL,1,1.64,1.64,96.22
2024-02-10,ARRÒS INTEGRAL,1,1.7,1.7,96.22
2024-02-10,TOTAL ACTION ELIX.,1,1.35,1.35,96.22
2024-02-10,VINAGRE BALSÀMIC,1,1.35,1.35,96.22
2024-02-10,PÀRQUING,1,0.0,0.0,96.22
2024-02-19,BOSSA PLÀSTIC,1,0.15,0.15,18.69
2024-02-19,ARRÒS LLARG,1,1.3,1.3,18.69
2024-02-19,PA HOT DOG,1,0.95,0.95,18.69
2024-02-19,MELÓ GRIPAU PARTIT,1,3.92,3.92,18.69
2024-02-19,FILET POLLASTRE,1,4.75,4.75,18.69
2024-02-19,PÀRQUING,1,0.0,0.0,18.69
2024-02-20,BAGUET,1,0.55,0.55,17.96
2024-02-20,BÍFIDUS FIBRES I CER,1,1.3,1.3,17.96
2024-02-20,PA HOT DOG,1,0.95,0.95,17.96
2024-02-20,BOTIFARRA BLANCA,1,1.84,1.84,17.96
2024-02-20,ROTI POLLASTRE,1,3.0,3.0,17.96
2024-02-20,BÍFIDUS CREMÓS COCO,1,1.3,1.3,17.96
2024-02-20,PERNIL CUIT LF,1,2.17,2.17,17.96
2024-02-20,GNOCCHI QUESOS,1,2.0,2.0,17.96
2024-02-20,AS. HERBES PROVENÇAL,1,1.0,1.0,17.96
2024-02-23,BAGUET,1,0.55,0.55,31.17
2024-02-23,PA HOT DOG,1,0.95,0.95,31.17
2024-02-23,BEURE FRUITES BOSC,1,2.05,2.05,31.17
2024-02-23,NOCILLA CHOCOLECHE,1,3.49,3.49,31.17
2024-02-23,BÍFIDUS NATURAL,1,1.4,1.4,31.17
2024-02-23,CERVESA VOLL-DAMM,2,0.99,1.98,31.17
2024-02-23,RAÏM VERMELLA SENSE,1,2.59,2.59,31.17
2024-02-23,RAÏM BLANC SENSE PEP,1,2.37,2.37,31.17
2024-02-23,FORMATGE TALLS LIGHT,1,2.23,2.23,31.17
2024-02-23,LS PATATA PANADERA,1,2.5,2.5,31.17
2024-02-24,HIGIÈNIC DOBLE ROTLL,1,4.4,4.4,45.6
2024-02-24,MOS SENSE GLUTEN,1,1.85,1.85,45.6
2024-02-24,ALBARIÑO P. ORANTES,1,6.0,6.0,45.6
2024-02-24,BEURE FRUITES BOSC,1,2.05,2.05,45.6
2024-02-24,TONYINA CLARA OLIV,1,5.25,5.25,45.6
2024-02-24,QUARTER POSTERIOR,1,5.5,5.5,45.6
2024-02-24,PÀRQUING,1,0.0,0.0,45.6
2024-02-28,BAGUET,1,0.55,0.55,21.32
2024-02-28,BEGUDA AVENA,1,0.95,0.95,21.32
2024-02-28,LLET SENCERA,2,0.91,1.82,21.32
2024-02-28,CACAUET FREGIT,1,1.3,1.3,21.32
2024-02-28,BLAT MORO FREGIT CRU,1,1.0,1.0,21.32
2024-02-28,FESTUC NATURAL,1,2.64,2.64,21.32
2024-02-28,RAÏM VERMELLA SENSE,1,2.76,2.76,21.32
2024-02-28,FORMATGE RATLLAT POL,1,1.6,1.6,21.32
2024-02-28,GNOCCHI QUESOS,1,2.0,2.0,21.32
2024-02-28,PÈSOL FI,1,1.6,1.6,21.32
2024-02-29,PATATES SERRANO,1,1.15,1.15,76.25
2024-02-29,GREC NATURAL,1,2.45,2.45,76.25
2024-02-29,LACON FORN,2,2.19,4.38,76.25
2024-02-29,ALES ADOBADES,1,3.53,3.53,76.25
2024-02-29,LLET SENCERA,1,0.91,0.91,76.25
2024-02-29,FORMATGE SEMI TALLAT,1,4.79,4.79,76.25
2024-02-29,FORMATGE SEMI TALLAT,1,4.8,4.8,76.25
2024-02-29,SALSA BRAVA,1,1.8,1.8,76.25
2024-02-29,ALLIOLI TERRINA,1,1.35,1.35,76.25
2024-02-29,FLOCS DE CIVADA,1,0.95,0.95,76.25
2024-02-29,FUET ESPETEC EXTRA,1,2.57,2.57,76.25
2024-02-29,BAGUET,1,0.55,0.55,76.25
2024-02-29,CARAMELS ÀCIDS,1,1.85,1.85,76.25
2024-02-29,CERVESA VOLL-DAMM,1,0.99,0.99,76.25
2024-02-29,PATATES BRAVES ALLIO,1,2.5,2.5,76.25
2024-02-29,CERVESA,1,7.92,7.92,76.25
2024-03-02,BARRA DE PA,1,0.48,0.48,20.2
2024-03-02,TOMÀQUET NATURAL RAT,1,1.39,1.39,20.2
2024-03-02,MONGETA BLANCA CUITA,1,0.69,0.69,20.2
2024-03-02,GREC NATURAL,1,2.45,2.45,20.2
2024-03-02,RAÏM BLANC SENSE PEP,1,2.95,2.95,20.2
2024-03-02,RAÏM VERMELLA SENSE,1,2.76,2.76,20.2
2024-03-02,MINIPANETS,1,1.25,1.25,20.2
2024-03-02,BURGER BOVÍ PORC,1,3.78,3.78,20.2
2024-03-02,ROTI POLLASTRE,1,3.0,3.0,20.2
2024-03-04,BEURE FRUITES BOSC,1,2.05,2.05,54.36
2024-03-04,PAPER HUMIT WC,2,1.55,3.1,54.36
2024-03-04,RAÏM BLANC SENSE PEP,1,2.54,2.54,54.36
2024-03-04,BÍFIDUS FIBRES I CER,1,1.3,1.3,54.36
2024-03-04,BOSSES ES.CUBELL ALT,1,1.85,1.85,54.36
2024-03-04,BEGUDA AVENA,1,0.95,0.95,54.36
2024-03-04,MELÓ GRIPAU PARTIT,1,4.3,4.3,54.36
2024-03-04,DET.LI.FRESCURA BLAU,1,3.3,3.3,54.36
2024-03-04,LLET SENCERA,2,0.91,1.82,54.36
2024-03-04,PA HOT DOG,1,0.95,0.95,54.36
2024-03-04,TOMÀQUET R. ARTESANA,1,1.65,1.65,54.36
2024-03-04,BAGUET,1,0.55,0.55,54.36
2024-03-04,FUSILLI SENSE GLUTEN,1,1.95,1.95,54.36
2024-03-04,FORMATGE TALLS LIGHT,1,2.33,2.33,54.36
2024-03-04,PÀRQUING,1,0.0,0.0,54.36
2024-03-06,CUIDACOL NATURAL,1,2.6,2.6,36.82
2024-03-06,BEGUDA AVENA,1,0.95,0.95,36.82
2024-03-06,LLET SENCERA,1,0.91,0.91,36.82
2024-03-06,BÍF FRUITES SIL,1,1.3,1.3,36.82
2024-03-06,BATUT XOCOLATA PAQUE,1,1.5,1.5,36.82
2024-03-06,GREC NATURAL,1,2.45,2.45,36.82
2024-03-06,RAÏM VERMELLA SENSE,1,2.5,2.5,36.82
2024-03-06,PERNIL S. EXTRA FI,1,2.45,2.45,36.82
2024-03-06,FORMATGE TALLS LIGHT,1,2.47,2.47,36.82
2024-03-06,BÍFIDUS NATURAL,1,1.35,1.35,36.82
2024-03-06,FESTUC NATURAL,1,2.64,2.64,36.82
2024-03-06,MINI BURGER MIXTA,1,2.59,2.59,36.82
2024-03-06,PATATES BRAVES ALLIO,1,2.5,2.5,36.82
2024-03-06,ENSALADILLA,1,1.2,1.2,36.82
2024-03-06,BEURE FRUITES BOSC,1,2.05,2.05,36.82
2024-03-06,BAGUET,1,0.55,0.55,36.82
2024-03-08,ROTLLE LLAR DOBLE,1,2.1,2.1,89.72
2024-03-08,VI RIOJA CRIANÇA,1,2.95,2.95,89.72
2024-03-08,CERVESA VOLL-DAMM,2,0.99,1.98,89.72
2024-03-08,TOMÀQUET R. ARTESANA,2,1.65,3.3,89.72
2024-03-08,TOM. RECEPTA ARTESAN,1,2.4,2.4,89.72
2024-03-08,LLONGANISSA POBLE,3,3.3,9.9,89.72
2024-03-08,CERVESA,1,9.96,9.96,89.72
2024-03-08,PA HOT DOG,1,0.95,0.95,89.72
2024-03-08,ARRÒS INTEGRAL,1,1.7,1.7,89.72
2024-03-08,BAGUET,1,0.55,0.55,89.72
2024-03-08,BOVÍ DAUS ANOLL,1,7.1,7.1,89.72
2024-03-08,BOVÍ DAUS ANOLL,1,7.6,7.6,89.72
2024-03-08,MELMELADA MADUIXA,1,1.55,1.55,89.72
2024-03-08,ARRÒS LLARG,1,1.3,1.3,89.72
2024-03-08,TOMÀQUET RAMALLET,1,3.6,3.6,89.72
2024-03-08,GREC NATURAL,1,2.45,2.45,89.72
2024-03-08,RAÏM BLANC SENSE PEP,1,3.47,3.47,89.72
2024-03-08,BEGUDA AVENA,2,0.95,1.9,89.72
2024-03-08,TOMÀQUET TRITURAT,1,0.72,0.72,89.72
2024-03-08,RAÏM VERMELLA SENSE,1,2.54,2.54,89.72
2024-03-09,HIGIÈNIC DOBLE ROTLL,1,4.4,4.4,93.73
2024-03-09,BÍFIDUS FIBRES I CER,1,1.3,1.3,93.73
2024-03-09,BÍF FRUITES SIL,1,1.3,1.3,93.73
2024-03-09,BÍFIDUS NATURAL,1,1.35,1.35,93.73
2024-03-09,OLI VERGE,1,28.5,28.5,93.73
2024-03-09,COLGATE ANTICARIES,1,1.95,1.95,93.73
2024-03-09,TONYINA CLARA OLIV,1,5.25,5.25,93.73
2024-03-09,CERVESA,6,0.85,5.1,93.73
2024-03-09,CAMAMILLA,1,0.55,0.55,93.73
2024-03-09,ALBARIÑO P. ORANTES,1,6.0,6.0,93.73
2024-03-09,PERNIL SERRÀ SOBRE,1,4.1,4.1,93.73
2024-03-09,ALES PARTIDES CERT,1,4.74,4.74,93.73
2024-03-09,SAL FINA,1,0.35,0.35,93.73
2024-03-09,NATA ESPRAI,1,1.5,1.5,93.73
2024-03-09,PÀRQUING,1,0.0,0.0,93.73
2024-03-11,BEGUDA AVENA,1,0.95,0.95,21.38
2024-03-11,BURGER BOVÍ PORC,1,3.78,3.78,21.38
2024-03-11,OLIVA AMANIDA,1,1.85,1.85,21.38
2024-03-11,MOS SENSE GLUTEN,1,1.85,1.85,21.38
2024-03-11,FLOCS DE CIVADA,1,0.95,0.95,21.38
2024-03-11,PATATES BRAVES ALLIO,1,2.5,2.5,21.38
2024-03-11,PA HOT DOG,1,0.95,0.95,21.38
2024-03-11,RAÏM BLANC SENSE PEP,1,2.15,2.15,21.38
2024-03-11,FORMATGE TALLS LIGHT,1,2.35,2.35,21.38
2024-03-11,BEURE FRUITES BOSC,1,2.05,2.05,21.38
2024-03-11,BAGUET,1,0.55,0.55,21.38
2024-03-13,FORMATGE TALLS LIGHT,1,2.31,2.31,27.27
2024-03-13,BAGUET,1,0.55,0.55,27.27
2024-03-13,BIFRUITES TROPICAL,1,2.49,2.49,27.27
2024-03-13,RAÏM VERMELLA SENSE,1,2.56,2.56,27.27
2024-03-13,PAPER HUMIT WC,2,1.55,3.1,27.27
2024-03-13,GREC NATURAL,1,2.45,2.45,27.27
2024-03-13,BÍFIDUS FIBRES I CER,1,1.3,1.3,27.27
2024-03-13,MELÓ GRIPAU PARTIT,1,4.6,4.6,27.27
2024-03-13,TONYINA CLARA OLIV,1,5.45,5.45,27.27
2024-03-15,PA HOT DOG,1,0.95,0.95,15.5
2024-03-15,CAMAMILLA,1,0.55,0.55,15.5
2024-03-15,BAGUET,1,0.55,0.55,15.5
2024-03-15,CEBA TUB,1,2.39,2.39,15.5
2024-03-15,BEURE FRUITES BOSC,1,2.05,2.05,49.49
2024-03-15,GREC NATURAL,1,2.45,2.45,49.49
2024-03-15,RAÏM VERMELLA SENSE,1,2.44,2.44,49.49
2024-03-15,COSTELLA XURRASCO,1,4.27,4.27,49.49
2024-03-15,BÍFIDUS CREMÓS COCO,1,1.3,1.3,49.49
2024-03-15,RAÏM BLANC SENSE PEP,1,3.23,3.23,49.49
2024-03-15,BÍFIDUS FIBRES I CER,1,1.3,1.3,49.49
2024-03-15,COPA XOCOLATA I NATA,1,1.3,1.3,49.49
2024-03-15,CERVESA VOLL-DAMM,2,0.99,1.98,49.49
2024-03-15,LS PATATA PANADERA,1,2.5,2.5,49.49
2024-03-15,TOMÀQUET RAMALLET,1,3.71,3.71,49.49
2024-03-16,BROU CASOLÀ DE PEIX,2,1.1,2.2,12.4
2024-03-16,ALLIOLI TERRINA,2,1.35,2.7,12.4
2024-03-16,NATA ESPRAI,1,1.5,1.5,12.4
2024-03-16,LLENTIA PARDINA,1,2.1,2.1,12.4
2024-03-16,ARRÒS LLARG,1,1.3,1.3,12.4
2024-03-20,ROTLLE LLAR DOBLE,1,2.1,2.1,34.36
2024-03-20,BAGUET,1,0.55,0.55,34.36
2024-03-20,PA HOT DOG,1,0.95,0.95,34.36
2024-03-20,LLET SENCERA,3,0.91,2.73,34.36
2024-03-20,BÍFIDUS NATURAL,1,1.35,1.35,34.36
2024-03-20,BEGUDA AVENA,1,0.95,0.95,34.36
2024-03-20,RAÏM VERMELLA SENSE,1,2.45,2.45,34.36
2024-03-20,GNOCCHI QUESOS,1,2.0,2.0,34.36
2024-03-20,FORMATGE TALLS LIGHT,1,2.28,2.28,34.36
2024-03-20,FILET PROVENÇAL,1,3.53,3.53,34.36
2024-03-20,MEDALLONS GALL DINDI,1,3.97,3.97,34.36
2024-03-20,BATUT XOCOLATA PAQUE,1,1.5,1.5,34.36
2024-03-20,PÀRQUING,1,0.0,0.0,34.36
2024-03-22,COLGATE ANTICARIES,1,1.95,1.95,48.8
2024-03-22,CAMAMILLA,1,0.55,0.55,48.8
2024-03-22,PAPER HUMIT WC,2,1.55,3.1,48.8
2024-03-22,BEGUDA AVENA,2,0.95,1.9,48.8
2024-03-22,FLOCS DE CIVADA,1,0.95,0.95,48.8
2024-03-22,HIGIÈNIC DOBLE ROTLL,1,4.4,4.4,48.8
2024-03-22,ARRÒS LLARG,1,1.3,1.3,48.8
2024-03-22,GREC NATURAL,1,2.45,2.45,48.8
2024-03-22,RAÏM BLANC SENSE PEP,1,2.68,2.68,48.8
2024-03-22,FORMATGE TALLS LIGHT,1,2.33,2.33,48.8
2024-03-22,CUIDACOL NATURAL,1,2.6,2.6,48.8
2024-03-22,TOMÀQUET R. ARTESANA,1,1.65,1.65,48.8
2024-03-23,CAFÈ MÒLT NATURAL,1,3.65,3.65,11.69
2024-03-23,FILTRES CAFÈ,1,1.95,1.95,11.69
2024-03-23,BOSSA PAPER,1,0.1,0.1,11.69
2024-03-23,ENSALADILLA,2,1.2,2.4,40.27
2024-03-23,PA HOT DOG,1,0.95,0.95,40.27
2024-03-23,CERVESA,1,8.76,8.76,40.27
2024-03-23,OLI DE GIRA-SOL,1,1.45,1.45,40.27
2024-03-23,CERVESA VOLL-DAMM,2,0.99,1.98,40.27
2024-03-23,BÍF FRUITES SIL,1,1.3,1.3,40.27
2024-03-23,QUARTER POSTERIOR,1,4.28,4.28,40.27
2024-03-23,FILET PIT,1,3.7,3.7,40.27
2024-03-23,QUARTER POSTERIOR,1,4.48,4.48,40.27
2024-03-23,PÀRQUING,1,0.0,0.0,40.27
2024-03-25,GREC NATURAL,1,2.45,2.45,21.46
2024-03-25,PA HOT DOG,1,0.95,0.95,21.46
2024-03-25,BOSSA PLÀSTIC,1,0.15,0.15,21.46
2024-03-25,BEURE FRUITES BOSC,1,2.05,2.05,21.46
2024-03-25,RAÏM BLANC SENSE PEP,1,1.99,1.99,21.46
2024-03-25,BAGUET,1,0.55,0.55,21.46
2024-03-25,ANELLES BLAT DE MORO,1,0.85,0.85,21.46
2024-03-25,PATATA FORM. CURAT,1,1.15,1.15,21.46
2024-03-25,PULPIS MIX,1,1.6,1.6,21.46
2024-03-25,SOBRASSADA SELECTA,1,1.85,1.85,21.46
2024-03-25,ROTLLE CABRA,1,2.35,2.35,21.46
2024-03-25,PÀRQUING,1,0.0,0.0,21.46
2024-03-27,BAGUET,2,0.55,1.1,13.65
2024-03-27,BOSSA PLÀSTIC,1,0.15,0.15,13.65
2024-03-27,BÍFIDUS FIBRES I CER,1,1.3,1.3,13.65
2024-03-27,PA HOT DOG,2,0.95,1.9,13.65
2024-03-27,BEURE FRUITES BOSC,1,2.05,2.05,13.65
2024-03-30,PA HOT DOG,2,0.95,1.9,95.54
2024-03-30,XAMPÚ REPARA I PROT.,1,3.55,3.55,95.54
2024-03-30,GEL COCO,1,1.4,1.4,95.54
2024-03-30,ROTLLE LLAR DOBLE,1,2.1,2.1,95.54
2024-03-30,BEGUDA AVENA,2,0.95,1.9,95.54
2024-03-30,FLOCS DE CIVADA,1,0.95,0.95,95.54
2024-03-30,GREC NATURAL,1,2.45,2.45,95.54
2024-03-30,BÍFIDUS NATURAL,1,1.35,1.35,95.54
2024-03-30,BATUT XOCOLATA PAQUE,1,1.5,1.5,95.54
2024-03-30,LLET SENCERA,2,0.91,1.82,95.54
2024-03-30,CERVES.SHANDY LLAUNA,3,0.35,1.05,95.54
2024-03-30,CERVESA,3,0.85,2.55,95.54
2024-03-30,POWERADE ICE STORM,2,1.52,3.04,95.54
2024-03-30,BÍFIDUS FIBRES I CER,1,1.3,1.3,95.54
2024-03-30,BÍF FRUITES SIL,1,1.3,1.3,95.54
2024-03-30,COSTELLA XURRASCO,1,3.9,3.9,95.54
2024-03-30,COPA XOCOLATA I NATA,1,1.3,1.3,95.54
2024-03-30,CANSALADA,1,2.02,2.02,95.54
2024-03-30,FESTUC NATURAL,1,2.64,2.64,95.54
2024-03-30,CANSALADA VIADA,1,2.25,2.25,95.54
2024-03-30,F.TALLS EDAM TENDRE,3,2.0,6.0,95.54
2024-03-30,RAÏM BLANC SENSE PEP,1,2.57,2.57,95.54
2024-03-30,TALL PIT FI,1,5.0,5.0,95.54
2024-03-30,TALL PIT FI,1,5.26,5.26,95.54
2024-03-30,FORMATGE TALLS LIGHT,1,2.28,2.28,95.54
2024-03-30,RAÏM BLANC SENSE PEP,1,2.56,2.56,95.54
2024-03-30,PÀRQUING,1,0.0,0.0,95.54
2024-04-03,BOSSA PAPER,1,0.1,0.1,9.34
2024-04-03,BAGUET,1,0.55,0.55,9.34
2024-04-03,LS PATATA PANADERA,1,2.5,2.5,9.34
2024-04-03,AQUARIUS LLIM FRED,1,1.5,1.5,9.34
2024-04-04,SALSA CARBONARA,1,1.55,1.55,7.83
2024-04-04,CERVESA VOLL-DAMM,2,0.99,1.98,7.83
2024-04-04,BOSSA PLÀSTIC,1,0.15,0.15,7.83
2024-04-04,BAGUET,1,0.55,0.55,7.83
2024-04-04,FORMATGE RATLLAT POL,1,1.6,1.6,7.83
2024-04-04,GNOCCHI QUESOS,1,2.0,2.0,7.83
2024-04-19,PA HOT DOG,1,0.95,0.95,67.35
2024-04-19,HIGIÈNIC DOBLE ROTLL,1,4.4,4.4,67.35
2024-04-19,BEGUDA AVENA,2,0.95,1.9,67.35
2024-04-19,BEURE FRUITES BOSC,1,2.05,2.05,67.35
2024-04-19,PAPER HUMIT WC,2,1.55,3.1,67.35
2024-04-19,PATATES SERRANO,1,1.15,1.15,67.35
2024-04-19,BÍFIDUS NATURAL,1,1.35,1.35,67.35
2024-04-19,BAGUET,1,0.55,0.55,67.35
2024-04-19,LLET SENCERA,3,0.91,2.73,67.35
2024-04-19,TONYINA CLARA OLIV,1,5.45,5.45,67.35
2024-04-19,ARRÒS LLARG,1,1.35,1.35,67.35
2024-04-19,BATUT XOCOLATA PAQUE,1,1.5,1.5,67.35
2024-04-19,FLOCS DE CIVADA,1,0.9,0.9,67.35
2024-04-19,PATATES BRAVES ALLIO,1,2.5,2.5,67.35
2024-04-19,GNOCCHI QUESOS,1,2.0,2.0,67.35
2024-04-19,FORMATGE TALLS LIGHT,1,2.15,2.15,67.35
2024-04-19,LLONGANISSA POBLE,1,3.3,3.3,67.35
2024-04-19,MELÓ GRIPAU PARTIT,1,5.02,5.02,67.35
2024-04-19,TOMÀQUET R. ARTESANA,1,1.65,1.65,67.35
2024-04-19,CERVESA VOLL-DAMM,2,0.99,1.98,67.35
2024-04-19,FESTUC NATURAL,1,2.64,2.64,67.35
2024-04-19,RAÏM VERMELLA SENSE,1,2.42,2.42,67.35
2024-04-19,RAÏM BLANC SENSE PEP,1,2.72,2.72,67.35
2024-04-22,FUSILLI SENSE GLUTEN,1,1.95,1.95,24.66
2024-04-22,MAGDALENA SUCRE,1,2.9,2.9,24.66
2024-04-22,BÍFIDUS FIBRES I CER,1,1.3,1.3,24.66
2024-04-22,RAÏM BLANC SENSE PEP,1,2.45,2.45,24.66
2024-04-22,GREC NATURAL,1,2.45,2.45,24.66
2024-04-22,CUIDACOL NATURAL,1,2.6,2.6,24.66
2024-04-22,PÀRQUING,1,0.0,0.0,24.66
2024-04-25,BÍFIDUS FIBRES I CER,1,1.3,1.3,15.7
2024-04-25,BÍFIDUS NATURAL,1,1.35,1.35,15.7
2024-04-25,BAGUET,1,0.55,0.55,15.7
2024-04-25,GREC NATURAL,1,2.45,2.45,15.7
2024-04-25,FORMATGE RATLLAT POL,1,1.6,1.6,15.7
2024-04-25,PATATES BRAVES ALLIO,1,2.5,2.5,15.7
2024-04-25,RAÏM VERMELLA SENSE,1,2.72,2.72,15.7
2024-04-25,LLET SENCERA,1,0.91,0.91,15.7
2024-04-25,PA HOT DOG,1,0.95,0.95,15.7
2024-04-26,FLOCS DE CIVADA,1,0.9,0.9,92.82
2024-04-26,BÍFIDUS FIBRES I CER,1,1.3,1.3,92.82
2024-04-26,PATATES FREGIDES SAL,1,1.99,1.99,92.82
2024-04-26,BEURE FRUITES BOSC,1,2.05,2.05,92.82
2024-04-26,NATA ESPRAI,1,1.5,1.5,92.82
2024-04-26,PATATES SERRANO,1,1.15,1.15,92.82
2024-04-26,CERVESA VOLL-DAMM,1,0.99,0.99,92.82
2024-04-26,MINIPANETS,2,1.25,2.5,92.82
2024-04-26,CERVESA,1,8.76,8.76,92.82
2024-04-26,FORMATGE TALLS LIGHT,1,2.39,2.39,92.82
2024-04-26,MINI BURGER MIXTA,2,2.59,5.18,92.82
2024-04-26,PORROS,1,1.8,1.8,92.82
2024-04-26,SOBRASSADA IBÈRICA,1,2.25,2.25,92.82
2024-04-26,FUET ESPETEC EXTRA,1,2.57,2.57,92.82
2024-04-26,ICEBERG,1,0.99,0.99,92.82
2024-04-26,MELÓ GRIPAU PARTIT,1,3.68,3.68,92.82
2024-04-26,CHEETOS PELOTAZOS,1,1.89,1.89,92.82
2024-04-26,RULÓ CABRA,1,3.07,3.07,92.82
2024-04-26,PINYA PELADA NATURAL,1,3.64,3.64,92.82
2024-04-26,PALETS DE CRANC,1,2.35,2.35,92.82
2024-04-26,TONYINA CLARA OLIV,1,5.45,5.45,92.82
2024-04-26,RAÏM BLANC SENSE PEP,1,2.58,2.58,92.82
2024-04-27,PA HOT DOG,2,0.95,1.9,15.67
2024-04-27,ROTLLE LLAR DOBLE,1,2.1,2.1,15.67
2024-04-27,BEGUDA AVENA,2,0.95,1.9,15.67
2024-04-27,CERVES.SHANDY LLAUNA,3,0.35,1.05,15.67
2024-04-27,BOSSES ES.CUBELL ALT,1,1.85,1.85,15.67
2024-04-27,LLET SENCERA,2,0.91,1.82,15.67
2024-04-27,CERVESA,1,8.76,8.76,64.21
2024-04-27,ALLIOLI TERRINA,1,1.35,1.35,64.21
2024-04-27,MOS SENSE GLUTEN,1,1.85,1.85,64.21
2024-04-27,F.TALLS EDAM TENDRE,3,2.0,6.0,64.21
2024-04-27,MAXI HAMBURGUESA,1,0.9,0.9,64.21
2024-04-27,BURGER PERNIL CEBA,1,2.5,2.5,64.21
2024-04-27,BURGER BOVÍ PORC,1,3.78,3.78,64.21
2024-04-27,TALL PIT FI,1,4.4,4.4,64.21
2024-04-27,TALL PIT FI,1,3.84,3.84,64.21
2024-04-27,PIZZA CARBONARA,1,3.4,3.4,64.21
2024-04-27,PIZZA TONYINA-CANSAL,1,2.9,2.9,64.21
2024-04-27,CANSALADA,2,2.02,4.04,64.21
2024-04-27,CARAMEL EUCALIPTUS,1,1.95,1.95,64.21
2024-04-27,CARAMEL REGALÈSIA,1,1.95,1.95,64.21
2024-04-27,GREC NATURAL,1,2.45,2.45,64.21
2024-04-27,CEBA TUB,1,2.39,2.39,64.21
2024-04-29,HIGIÈNIC DOBLE ROTLL,1,4.4,4.4,19.43
2024-04-29,LLET SENCERA,2,0.91,1.82,19.43
2024-04-29,BAGUET,1,0.55,0.55,19.43
2024-04-29,COPA XOCOLATA I NATA,1,1.3,1.3,19.43
2024-04-29,RAÏM BLANC SENSE PEP,1,2.56,2.56,19.43
2024-04-29,FORMATGE TALLS LIGHT,1,2.32,2.32,19.43
2024-04-29,PÀRQUING,1,0.0,0.0,19.43
2024-05-03,VI NEGRE RIOJA,1,2.45,2.45,5.42
2024-05-03,PERA CONFERÉNCIA,1,1.5,2.82,5.42
2024-05-03,BOSSA PLÀSTIC,1,0.15,0.15,5.42
2024-05-04,ROTLLE LLAR DOBLE,1,2.1,2.1,38.68
2024-05-04,ENSALADILLA,1,1.3,1.3,38.68
2024-05-04,PAPER ALUMINI,1,2.05,2.05,38.68
2024-05-04,DET.LI.FRESCURA BLAU,1,3.3,3.3,38.68
2024-05-04,BLANQUEJADOR DENTIFR,2,3.95,7.9,38.68
2024-05-07,BAGUET,1,0.55,0.55,31.45
2024-05-07,BÍFIDUS NATURAL,1,1.35,1.35,31.45
2024-05-07,PIT EXTRA T,1,3.96,3.96,31.45
2024-05-07,BEURE FRUITES BOSC,1,2.05,2.05,31.45
2024-05-07,GREC NATURAL,1,2.45,2.45,31.45
2024-05-07,CREMA CATALANA,1,2.6,2.6,31.45
2024-05-07,CUIDACOL NATURAL,1,2.6,2.6,31.45
2024-05-07,RAÏM BLANC SENSE PEP,1,2.5,2.5,31.45
2024-05-07,RAÏM VERMELLA SENSE,1,2.61,2.61,31.45
2024-05-07,ANELLES BLAT DE MORO,1,0.85,0.85,31.45
2024-05-07,PUNTES SENSE GLUTEN,1,1.5,1.5,31.45
2024-05-09,BAGUET,1,0.55,0.55,19.17
2024-05-09,BEURE FRUITES BOSC,1,2.05,2.05,19.17
2024-05-09,LLET SENCERA,1,0.91,0.91,19.17
2024-05-09,TOTAL ACTION ELIX.,2,1.35,2.7,19.17
2024-05-09,BÍFIDUS NATURAL,1,1.35,1.35,19.17
2024-05-09,BEGUDA AVENA,1,0.95,0.95,19.17
2024-05-09,PÈSOL FI,1,1.6,1.6,19.17
2024-05-09,DESODORANT BOLA DOVE,1,2.15,2.15,19.17
2024-05-10,HIGIÈNIC DOBLE ROTLL,1,4.4,4.4,61.76
2024-05-10,GEL COCO,1,1.4,1.4,61.76
2024-05-10,LLET SENCERA,2,0.91,1.82,61.76
2024-05-10,BEGUDA AVENA,1,0.95,0.95,61.76
2024-05-10,CAMAMILLA,1,0.55,0.55,61.76
2024-05-10,FLOCS DE CIVADA,1,0.9,0.9,61.76
2024-05-10,BÍFIDUS FIBRES I CER,1,1.3,1.3,61.76
2024-05-10,GREC NATURAL,1,2.45,2.45,61.76
2024-05-10,ARRÒS LLARG,1,1.35,1.35,61.76
2024-05-10,PATATES BRAVES ALLIO,1,2.5,2.5,61.76
2024-05-10,CERVESA VOLL-DAMM,2,0.99,1.98,61.76
2024-05-10,BURGER PERNIL CEBA,1,2.5,2.5,61.76
2024-05-10,LLENTIA PARDINA,1,2.1,2.1,61.76
2024-05-10,FILET,1,4.84,4.84,61.76
2024-05-10,PA DE FORMATGE,2,0.45,0.9,61.76
2024-05-10,TOMÀQUET R. ARTESANA,2,1.65,3.3,61.76
2024-05-10,RAÏM BLANC SENSE PEP,1,3.01,3.01,61.76
2024-05-10,RAÏM VERMELLA SENSE,1,2.47,2.47,61.76
2024-05-11,BOSSA PLÀSTIC,1,0.15,0.15,24.11
2024-05-11,FORMATGE RATLLAT POL,2,1.6,3.2,24.11
2024-05-11,FILET,1,4.76,4.76,24.11
2024-05-11,BOTIFARRA DE PAGES,1,4.49,4.49,24.11
2024-05-11,FORMATGE TALLS LIGHT,1,2.38,2.38,24.11
2024-05-11,XAMPÚ COND. MENTOL,1,2.4,2.4,24.11
2024-05-11,PROT. NORMAL,1,1.85,1.85,24.11
2024-05-11,COMP. CLÀSSICA NORM,1,1.13,1.13,24.11
2024-05-13,LLET SENCERA,1,0.91,0.91,26.36
2024-05-13,FILM TRANSPARENT,1,1.85,1.85,26.36
2024-05-13,BAGUET,1,0.55,0.55,26.36
2024-05-13,RAÏM VERMELLA SENSE,1,2.36,2.36,26.36
2024-05-13,BÍFIDUS FIBRES I CER,1,1.3,1.3,26.36
2024-05-13,BÍFIDUS NATURAL,1,1.35,1.35,26.36
2024-05-13,PA HOT DOG,2,0.95,1.9,26.36
2024-05-13,PERNIL SERRÀ SOBRE,1,4.1,4.1,26.36
2024-05-13,RAÏM BLANC SENSE PEP,1,2.69,2.69,26.36
2024-05-13,BEURE FRUITES BOSC,1,2.05,2.05,26.36
2024-05-13,CRUNCHY CHICKEN,1,2.05,2.05,26.36
2024-05-13,GREC NATURAL,1,2.45,2.45,26.36
2024-05-14,BAGUET,1,0.55,0.55,21.9
2024-05-14,BÍFIDUS MANGO,1,1.3,1.3,21.9
2024-05-14,ROTLLE LLAR DOBLE,1,2.1,2.1,21.9
2024-05-14,CERVESA VOLL-DAMM,1,0.99,0.99,21.9
2024-05-14,FORMATGE TALLS LIGHT,1,2.37,2.37,21.9
2024-05-14,LLET SENCERA,1,0.91,0.91,21.9
2024-05-16,RAÏM BLANC SENSE PEP,1,2.75,2.75,14.51
2024-05-16,BAGUET,1,0.55,0.55,14.51
2024-05-16,PATATES BRAVES ALLIO,1,2.5,2.5,14.51
2024-05-16,CERVESA VOLL-DAMM,1,0.99,0.99,14.51
2024-05-16,PERNIL SERRÀ SOBRE,1,4.1,4.1,14.51
2024-05-16,BOSSA PLÀSTIC,1,0.15,0.15,14.51
2024-05-17,BAGUET,1,0.55,0.55,56.37
2024-05-17,BÍFIDUS NATURAL,1,1.35,1.35,56.37
2024-05-17,PA HOT DOG,1,0.95,0.95,56.37
2024-05-17,BEURE FRUITES BOSC,1,2.05,2.05,56.37
2024-05-17,BÍFIDUS FIBRES I CER,1,1.3,1.3,56.37
2024-05-17,ARRÒS LLARG,1,1.35,1.35,56.37
2024-05-17,CERVESA VOLL-DAMM,2,0.99,1.98,56.37
2024-05-17,RAÏM VERMELLA SENSE,1,2.48,2.48,56.37
2024-05-17,COSTELLA XURRASCO,1,4.68,4.68,56.37
2024-05-17,TOMÀQUET R. ARTESANA,2,1.65,3.3,56.37
2024-05-17,GREC NATURAL,1,2.45,2.45,56.37
2024-05-17,AS. HERBES PROVENÇAL,1,1.0,1.0,56.37
2024-05-17,BROQUETA SENSE AST,1,3.87,3.87,56.37
2024-05-17,GNOCCHI QUESOS,1,2.0,2.0,56.37
2024-05-17,FORMATGE TALLS LIGHT,1,2.28,2.28,56.37
2024-05-18,BATUT XOCOLATA PAQUE,1,1.5,1.5,24.45
2024-05-18,TOTAL ACTION ELIX.,1,1.35,1.35,24.45
2024-05-18,BOSSA PLÀSTIC,2,0.15,0.3,24.45
2024-05-18,POLS DESODORANT PEUS,1,2.0,2.0,24.45
2024-05-18,PAPER HUMIT WC,3,1.55,4.65,24.45
2024-05-20,BEURE FRUITES BOSC,1,2.05,2.05,44.34
2024-05-20,BARRA CAMPEROLA,1,0.7,0.7,44.34
2024-05-20,PA HOT DOG,1,0.95,0.95,44.34
2024-05-20,BEGUDA AVENA,2,0.95,1.9,44.34
2024-05-20,GREC NATURAL,1,2.45,2.45,44.34
2024-05-20,BÍFIDUS NATURAL,1,1.35,1.35,44.34
2024-05-20,BÍFIDUS MANGO,1,1.3,1.3,44.34
2024-05-20,LLET SENCERA,3,0.91,2.73,44.34
2024-05-20,HIGIÈNIC DOBLE ROTLL,1,4.4,4.4,44.34
2024-05-20,RAÏM BLANC SENSE PEP,1,2.25,2.25,44.34
2024-05-20,PATATES BRAVES ALLIO,1,2.5,2.5,44.34
2024-05-20,RAÏM VERMELLA SENSE,1,1.93,1.93,44.34
2024-05-20,PÈSOL FI,1,1.6,1.6,44.34
2024-05-20,PÀRQUING,1,0.0,0.0,44.34
2024-05-20,CAMAMILLA,1,0.55,0.55,9.65
2024-05-20,FLOCS DE CIVADA,1,0.9,0.9,9.65
2024-05-20,ENSALADILLA,1,1.3,1.3,9.65
2024-05-20,GEL COCO,2,1.4,2.8,9.65
2024-05-20,CACAUET FREGIT,1,1.3,1.3,9.65
2024-05-20,FORMATGE RATLLAT POL,1,1.6,1.6,9.65
2024-05-22,BAGUET,1,0.55,0.55,34.38
2024-05-22,FUSILLI SENSE GLUTEN,1,1.95,1.95,34.38
2024-05-22,PA HOT DOG,1,0.95,0.95,34.38
2024-05-22,BEGUDA AVENA,2,0.95,1.9,34.38
2024-05-22,LLET SENCERA,2,0.91,1.82,34.38
2024-05-22,BÍFIDUS NATURAL,1,1.35,1.35,34.38
2024-05-22,CERVESA VOLL-DAMM,2,0.99,1.98,34.38
2024-05-22,ROTLLE LLAR DOBLE,1,2.1,2.1,34.38
2024-05-22,GREC NATURAL,1,2.45,2.45,34.38
2024-05-22,RAÏM BLANC SENSE PEP,1,2.72,2.72,34.38
2024-05-22,FORMATGE TALLS LIGHT,1,2.34,2.34,34.38
2024-05-22,PÀRQUING,1,0.0,0.0,34.38
2024-05-24,SUAVITZANT DELICAT,1,1.85,1.85,50.52
2024-05-24,GREC NATURAL,1,2.45,2.45,50.52
2024-05-24,PA DE FORMATGE,2,0.45,0.9,50.52
2024-05-24,BEGUDA AVENA,1,0.95,0.95,50.52
2024-05-24,XAMPÚ COND. CÍTRIC,1,2.3,2.3,50.52
2024-05-24,LLET SENCERA,1,0.91,0.91,50.52
2024-05-24,AIGUA MINERAL,2,0.74,1.48,50.52
2024-05-24,PERNIL SERRÀ SOBRE,1,4.1,4.1,50.52
2024-05-24,ROTI POLLASTRE,1,3.0,3.0,50.52
2024-05-24,FORMATGE TALLS LIGHT,1,2.35,2.35,50.52
2024-05-24,DAUETS DE PERNIL,1,2.65,2.65,50.52
2024-05-24,SALSA CARBONARA,1,1.65,1.65,50.52
2024-05-24,RAÏM VERMELLA SENSE,1,2.62,2.62,50.52
2024-05-27,BÍFIDUS NATURAL,1,1.35,1.35,41.01
2024-05-27,BÍFIDUS MANGO,1,1.3,1.3,41.01
2024-05-27,SOBAOS,1,1.9,1.9,41.01
2024-05-27,BEURE FRUITES BOSC,1,2.05,2.05,41.01
2024-05-27,BLAT MORO FREGIT CRU,1,1.0,1.0,41.01
2024-05-27,LLET SENCERA,2,0.91,1.82,41.01
2024-05-27,FR. LLET PINYA COCO,1,1.25,1.25,41.01
2024-05-27,BEGUDA AVENA,1,0.95,0.95,41.01
2024-05-27,RAÏM VERMELLA SENSE,1,2.61,2.61,41.01
2024-05-27,RAÏM BLANC SENSE PEP,1,2.56,2.56,41.01
2024-05-27,CRUNCHY CHICKEN,1,2.05,2.05,41.01
2024-05-27,PATATES BRAVES ALLIO,1,2.5,2.5,41.01
2024-05-27,FESTUC NATURAL,2,2.64,5.28,41.01
2024-05-27,BOSSA PLÀSTIC,1,0.15,0.15,41.01
2024-05-27,PÀRQUING,1,0.0,0.0,41.01
2024-05-29,BAGUET,1,0.55,0.55,17.68
2024-05-29,GREC NATURAL,1,2.45,2.45,17.68
2024-05-29,FLOCS DE CIVADA,1,0.9,0.9,17.68
2024-05-29,PA HOT DOG,1,0.95,0.95,17.68
2024-05-29,RAÏM VERMELLA SENSE,1,2.09,2.09,17.68
2024-05-29,MELÓ GRIPAU PARTIT,1,2.31,2.31,17.68
2024-05-29,FORMATGE TALLS LIGHT,1,2.34,2.34,17.68
2024-05-29,GNOCCHI QUESOS,1,2.0,2.0,17.68
2024-05-29,SALSA CARBONARA,1,1.65,1.65,17.68
2024-05-29,BÍFIDUS FIBRES I CER,1,1.3,1.3,17.68
2024-05-31,BEURE FRUITES BOSC,1,2.05,2.05,55.39
2024-05-31,PA HOT DOG,1,0.95,0.95,55.39
2024-05-31,BEGUDA AVENA,1,0.95,0.95,55.39
2024-05-31,QUARTER POSTERIOR,1,4.51,4.51,55.39
2024-05-31,BÍF FRUITES SIL,1,1.3,1.3,55.39
2024-05-31,LLONGANISSA POBLE,2,3.3,6.6,55.39
2024-05-31,ARRÒS LLARG,1,1.35,1.35,55.39
2024-05-31,FORMATGE TALLS LIGHT,1,2.28,2.28,55.39
2024-05-31,TOMÀQUET R. ARTESANA,2,1.65,3.3,55.39
2024-05-31,FESTUC NATURAL,1,2.64,2.64,55.39
2024-05-31,TONYINA CLARA OLIV,1,5.25,5.25,55.39
2024-05-31,CERVESA VOLL-DAMM,2,0.99,1.98,55.39
2024-05-31,MELÓ GRIPAU PARTIT,1,3.02,3.02,55.39
2024-06-01,PIZZA PERNIL I FORMA,1,3.4,3.4,32.72
2024-06-01,PAPER HUMIT WC,2,1.55,3.1,32.72
2024-06-01,PRUNES SENSE PINYOL,1,2.1,2.1,32.72
2024-06-01,RAÏM BLANC SENSE PEP,1,2.63,2.63,32.72
2024-06-03,BAGUET,1,0.55,0.55,25.35
2024-06-03,RAÏM VERMELLA SENSE,1,2.53,2.53,25.35
2024-06-03,PA HOT DOG,1,0.95,0.95,25.35
2024-06-03,GREC NATURAL,1,2.45,2.45,25.35
2024-06-03,BEURE FRUITES BOSC,1,2.05,2.05,25.35
2024-06-03,CUIDACOL NATURAL,1,2.6,2.6,25.35
2024-06-03,BEGUDA AVENA,1,0.95,0.95,25.35
2024-06-03,FORMATGE TALLS LIGHT,1,2.39,2.39,25.35
2024-06-06,BOSSA PLÀSTIC,1,0.15,0.15,7.79
2024-06-06,MELÓ GRIPAU PARTIT,1,2.27,2.27,7.79
2024-06-06,BÍFIDUS MANGO,1,1.3,1.3,7.79
2024-06-06,PA HOT DOG,1,0.95,0.95,7.79
2024-06-07,ROTLLE LLAR DOBLE,1,2.25,2.25,64.19
2024-06-07,HIGIÈNIC DOBLE ROTLL,1,4.4,4.4,64.19
2024-06-07,BEURE FRUITES BOSC,1,2.05,2.05,64.19
2024-06-07,PAPER HUMIT WC,2,1.55,3.1,64.19
2024-06-07,BÍFIDUS NATURAL,1,1.35,1.35,64.19
2024-06-07,BÍF FRUITES SIL,1,1.3,1.3,64.19
2024-06-07,BATUT XOCOLATA PAQUE,1,1.5,1.5,64.19
2024-06-07,GREC NATURAL,1,2.45,2.45,64.19
2024-06-07,PA HOT DOG,2,0.95,1.9,64.19
2024-06-07,PATATES BRAVES ALLIO,1,2.5,2.5,64.19
2024-06-07,FESTUC NATURAL,1,2.64,2.64,64.19
2024-06-07,FILET,1,5.15,5.15,64.19
2024-06-07,FILET,1,4.87,4.87,64.19
2024-06-07,BAGUET,2,0.55,1.1,64.19
2024-06-07,FORMATGE FRESC AMANI,1,1.95,1.95,64.19
2024-06-07,RAÏM VERMELLA SENSE,1,2.6,2.6,64.19
2024-06-07,TONYINA CLARA OLIV,1,5.25,5.25,64.19
2024-06-08,RAÏM VERMELLA SENSE,1,2.38,2.38,23.98
2024-06-08,BEGUDA AVENA,3,0.95,2.85,23.98
2024-06-08,GEL COCO,1,1.4,1.4,23.98
2024-06-08,BLANQUEJADOR DENTIFR,1,3.95,3.95,23.98
2024-06-08,PÀRQUING,1,0.0,0.0,23.98
2024-06-11,BAGUET,1,0.55,0.55,21.73
2024-06-11,BEGUDA AVENA,2,0.95,1.9,21.73
2024-06-11,BÍFIDUS NATURAL,1,1.35,1.35,21.73
2024-06-11,CUIDACOL MADUIXA,1,2.6,2.6,21.73
2024-06-11,FORMATGE TALLS LIGHT,1,2.28,2.28,21.73
2024-06-11,BÍFIDUS FIBRES I CER,1,1.3,1.3,21.73
2024-06-11,BLAT MORO FREGIT CRU,1,1.0,1.0,21.73
2024-06-11,PA HOT DOG,1,0.95,0.95,21.73
2024-06-11,GREC NATURAL,1,2.45,2.45,21.73
2024-06-11,PÀRQUING,1,0.0,0.0,21.73
2024-06-13,GREC NATURAL,1,2.45,2.45,14.22
2024-06-13,SALSA CARBONARA,1,1.65,1.65,14.22
2024-06-14,BEGUDA AVENA,2,0.95,1.9,50.98
2024-06-14,LLET SENCERA,3,0.91,2.73,50.98
2024-06-14,LS PATATA PANADERA,1,2.5,2.5,50.98
2024-06-14,MINI BURGER MIXTA,1,2.59,2.59,50.98
2024-06-14,BÍFIDUS NATURAL,1,1.35,1.35,50.98
2024-06-14,COSTELLA XURRASCO,1,5.4,5.4,50.98
2024-06-14,COSTELLA XURRASCO,1,5.72,5.72,50.98
2024-06-14,FESTUC NATURAL,1,2.64,2.64,50.98
2024-06-14,PERNIL SERRÀ SOBRE,1,4.1,4.1,50.98
2024-06-14,PATATES SERRANO,1,1.2,1.2,50.98
2024-06-14,CHEETOS PELOTAZOS,1,1.89,1.89,50.98
2024-06-14,TOMÀQUET R. ARTESANA,2,1.6,3.2,50.98
2024-06-14,PA DE FORMATGE,2,0.45,0.9,50.98
2024-06-18,HIGIÈNIC DOBLE ROTLL,1,4.6,4.6,34.0
2024-06-18,ROTLLE LLAR DOBLE,1,2.25,2.25,34.0
2024-06-18,BEURE FRUITES BOSC,1,2.05,2.05,34.0
2024-06-18,PA HOT DOG,1,0.95,0.95,34.0
2024-06-18,LLET SENCERA,2,0.91,1.82,34.0
2024-06-18,BEGUDA AVENA,1,0.95,0.95,34.0
2024-06-18,GREC NATURAL,1,2.45,2.45,34.0
2024-06-18,MELÓ GRIPAU PARTIT,1,3.46,3.46,34.0
2024-06-18,BOSSES ES.CUBELL ALT,1,1.85,1.85,34.0
2024-06-18,RAÏM VERMELLA SENSE,1,2.17,2.17,34.0
2024-06-18,BÍFIDUS MANGO,1,1.3,1.3,34.0
2024-06-18,AS. HERBES PROVENÇAL,2,1.0,2.0,34.0
2024-06-18,FORMATGE TALLS LIGHT,1,2.36,2.36,34.0
2024-06-18,FORMATGE TALLS SEMI,1,2.37,2.37,34.0
2024-06-19,BAGUET,2,0.55,1.1,34.95
2024-06-19,GREC NATURAL,1,2.45,2.45,34.95
2024-06-19,FESTUC NATURAL,1,2.64,2.64,34.95
2024-06-19,FLOCS DE CIVADA,1,0.9,0.9,34.95
2024-06-19,BLAT MORO FREGIT CRU,1,1.0,1.0,34.95
2024-06-19,CERVESA,3,0.85,2.55,34.95
2024-06-19,CAMAMILLA,2,0.55,1.1,34.95
2024-06-19,CERVES.SHANDY LLAUNA,2,0.33,0.66,34.95
2024-06-19,BÍFIDUS FIBRES I CER,1,1.3,1.3,34.95
2024-06-19,PA HOT DOG,1,0.95,0.95,34.95
2024-06-19,MELÓ GRIPAU PARTIT,1,1.68,1.68,34.95
2024-06-19,PIZZA PERNIL I FORMA,1,3.4,3.4,34.95
2024-06-19,PÀRQUING,1,0.0,0.0,34.95
2024-06-21,FUET ESPETEC EXTRA,2,2.57,5.14,26.8
2024-06-21,BROU DE VERDURES,1,0.85,0.85,26.8
2024-06-21,FORMATGE SEMI TALLAT,1,4.66,4.66,26.8
2024-06-21,PATATES SERRANO,1,1.2,1.2,26.8
2024-06-21,TONYINA CLARA OLIV,1,5.25,5.25,26.8
2024-07-01,CUIDACOL NATURAL,1,2.6,2.6,10.61
2024-07-01,FLOCS DE CIVADA,1,0.9,0.9,10.61
2024-07-01,CERVESA,2,0.85,1.7,10.61
2024-07-01,FORMATGE FRESC AMANI,1,1.95,1.95,10.61
2024-07-01,BURRATA,1,2.2,2.2,10.61
2024-07-01,BEURE FRUITES BOSC,2,2.05,4.1,32.58
2024-07-01,BÍFIDUS NATURAL,1,1.25,1.25,32.58
2024-07-01,BEGUDA AVENA,1,0.95,0.95,32.58
2024-07-01,BÍFIDUS MANGO,1,1.3,1.3,32.58
2024-07-01,PATATES BRAVES ALLIO,1,2.3,2.3,32.58
2024-07-01,FORMATGE TALLS LIGHT,1,2.13,2.13,32.58
2024-07-01,FORMATGE TALLS SEMI,1,2.17,2.17,32.58
2024-07-01,PÀRQUING,1,0.0,0.0,32.58
2024-07-04,ROTLLE LLAR DOBLE,1,2.25,2.25,21.55
2024-07-04,MELÓ GRIPAU PARTIT,1,2.04,2.04,21.55
2024-07-04,GREC NATURAL,1,2.4,2.4,21.55
2024-07-04,TOMÀQ. PERA TERRINA,1,2.21,2.21,21.55
2024-07-04,TONYINA CLARA OLIV,1,5.15,5.15,21.55
2024-07-04,BEURE FRUITES BOSC,1,2.05,2.05,21.55
2024-07-04,FORMATGE FRESC AMANI,1,1.95,1.95,21.55
2024-07-04,FORMATGE TALLS LIGHT,1,2.05,2.05,21.55
2024-07-05,HIGIÈNIC DOBLE ROTLL,1,4.6,4.6,59.51
2024-07-05,BÍFIDUS FIBRES I CER,1,1.3,1.3,59.51
2024-07-05,BÍFIDUS NATURAL,1,1.25,1.25,59.51
2024-07-05,CERVESA,2,0.85,1.7,59.51
2024-07-05,CERVESA VOLL-DAMM,2,0.99,1.98,59.51
2024-07-05,XAMPÚ COND. MENTOL,1,2.3,2.3,59.51
2024-07-05,XAMPÚ REPARA I PROT.,1,2.95,2.95,59.51
2024-07-05,FILM TRANSPARENT,1,1.85,1.85,59.51
2024-07-05,CERVESA,1,8.76,8.76,59.51
2024-07-05,BURGER VACUM,1,4.4,4.4,59.51
2024-07-05,FORMATGE TALLS SEMI,1,2.12,2.12,59.51
2024-07-05,ENSALADILLA,1,1.3,1.3,59.51
2024-07-05,ICEBERG,1,0.99,0.99,59.51
2024-07-05,PATATES SERRANO,1,1.2,1.2,59.51
2024-07-05,PATATES FREGIDES SAL,1,1.99,1.99,59.51
2024-07-05,MOS SENSE GLUTEN,1,1.85,1.85,59.51
2024-07-05,PAPER HUMIT WC,1,1.55,1.55,59.51
2024-07-05,PÀRQUING,1,0.0,0.0,59.51
2024-07-06,MAXI HAMBURGUESA,2,0.9,1.8,10.15
2024-07-06,BOSSA PLÀSTIC,1,0.15,0.15,10.15
2024-07-06,BLANQUEJADOR DENTIFR,1,3.95,3.95,10.15
2024-07-06,MARGARINA FLORA,1,2.95,2.95,10.15
2024-07-11,BOSSA PLÀSTIC,1,0.15,0.15,20.52
2024-07-11,GREC NATURAL,1,2.4,2.4,20.52
2024-07-11,RAÏM VERMELLA SENSE,1,2.14,2.14,20.52
2024-07-11,PATATES BRAVES ALLIO,1,2.3,2.3,20.52
2024-07-11,MELÓ GRIPAU PARTIT,1,3.37,3.37,20.52
2024-07-13,CUIDACOL NATURAL,1,2.6,2.6,72.97
2024-07-13,BÍFIDUS MANGO,1,1.3,1.3,72.97
2024-07-13,BÍFIDUS NATURAL,1,1.25,1.25,72.97
2024-07-13,MARGARINA FLORA,1,2.95,2.95,72.97
2024-07-13,PAPER HUMIT WC,3,1.55,4.65,72.97
2024-07-13,BEURE FRUITES BOSC,1,2.05,2.05,72.97
2024-07-13,LLET SENCERA,3,0.91,2.73,72.97
2024-07-13,BEGUDA AVENA,2,0.95,1.9,72.97
2024-07-13,RAÏM BLANC SENSE PEP,1,2.14,2.14,72.97
2024-07-13,TOMÀQUET R. ARTESANA,2,1.5,3.0,72.97
2024-07-13,GEL COCO,1,1.5,1.5,72.97
2024-07-13,CERVESA VOLL-DAMM,3,0.99,2.97,72.97
2024-07-13,CAMAMILLA,1,0.55,0.55,72.97
2024-07-13,PATATES SERRANO,1,1.2,1.2,72.97
2024-07-13,PATATES FREGIDES SAL,1,1.99,1.99,72.97
2024-07-13,FORMATGE RATLLAT POL,1,1.6,1.6,72.97
2024-07-13,AS. HERBES PROVENÇAL,1,1.0,1.0,72.97
2024-07-13,COSTILLA CHURRASCO,1,5.15,5.15,72.97
2024-07-13,HIGIÈNIC DOBLE ROTLL,1,4.6,4.6,72.97
2024-07-13,PÀRQUING,1,0.0,0.0,72.97
2024-07-15,BEGUDA AVENA,2,0.95,1.9,50.15
2024-07-15,LLET SENCERA,3,0.91,2.73,50.15
2024-07-15,CRUNCHY CHICKEN,1,2.05,2.05,50.15
2024-07-15,GREC NATURAL,1,2.4,2.4,50.15
2024-07-15,TOTAL ACTION ELIX.,1,1.35,1.35,50.15
2024-07-15,TAMPAX COMPAK SÚPER,1,2.5,2.5,50.15
2024-07-15,RECANVI LÍQUID INSEC,4,1.8,7.2,50.15
2024-07-15,PARANYS ESCARABATS,1,2.95,2.95,50.15
2024-07-15,CERVESA VOLL-DAMM,2,0.99,1.98,50.15
2024-07-15,GEL AMB LLEIXIU,1,1.9,1.9,50.15
2024-07-15,GEL COCO,2,1.5,3.0,50.15
2024-07-15,DESEMBUSSADOR TURBO,1,1.7,1.7,50.15
2024-07-15,TAMPAX COMPAK S.PLUS,1,2.85,2.85,50.15
2024-07-15,COMP. CLÀSSICA PLEG,1,1.18,1.18,50.15
2024-07-15,COMP. CLÀSSICA NORM,3,1.13,3.39,50.15
2024-07-15,COMP. CLÀSSICA SÚPER,1,1.32,1.32,50.15
2024-07-16,BOSSA PLÀSTIC,1,0.15,0.15,25.13
2024-07-16,BEURE FRUITES BOSC,1,2.05,2.05,25.13
2024-07-16,BÍFIDUS FIBRES I CER,1,1.3,1.3,25.13
2024-07-16,FORMATGE TALLS LIGHT,1,2.45,2.45,25.13
2024-07-16,FORMATGE RATLLAT POL,2,1.6,3.2,25.13
2024-07-16,MELÓ GRIPAU PARTIT,1,2.5,2.5,25.13
2024-07-16,CERVESA ESPECIAL,2,0.83,1.66,25.13
2024-07-16,RAÏM VERMELLA SENSE,1,2.59,2.59,25.13
2024-07-17,FLOCS DE CIVADA,1,0.9,0.9,32.95
2024-07-17,ARRÒS LLARG,1,1.35,1.35,32.95
2024-07-17,OLI VERGE,1,24.3,24.3,32.95
2024-07-17,BOSSA PLÀSTIC,1,0.15,0.15,32.95
2024-07-17,PÀRQUING,1,0.0,0.0,32.95
2024-07-19,CERVESA,2,0.85,1.7,15.06
2024-07-19,CERVESA VOLL-DAMM,2,0.99,1.98,15.06
2024-07-19,CERVES.SHANDY LLAUNA,1,0.33,0.33,15.06
2024-07-19,BOSSA PLÀSTIC,1,0.15,0.15,15.06
2024-07-19,FORMATGE FRESC AMANI,1,1.95,1.95,15.06
2024-07-19,FORMATGE TALLS LIGHT,1,2.34,2.34,15.06
2024-07-19,MELÓ GRIPAU PARTIT,1,1.74,1.74,15.06
2024-07-19,VINAGRE BALSÀMIC,1,2.35,2.35,15.06
2024-07-20,GREC NATURAL,1,2.4,2.4,114.75
2024-07-20,DEO BODY SP AQUA,4,1.7,6.8,114.75
2024-07-20,BOSSES ES.CUBELL ALT,1,1.85,1.85,114.75
2024-07-20,CERVESA ESPECIAL,4,0.83,3.32,114.75
2024-07-20,FLOCS DE CIVADA,1,0.9,0.9,114.75
2024-07-20,RAÏM BLANC SENSE PEP,1,2.82,2.82,114.75
2024-07-20,RAÏM VERMELLA SENSE,1,2.68,2.68,114.75
2024-07-20,BÍFIDUS NATURAL,1,1.25,1.25,114.75
2024-07-20,GEL FRESCOR AZUL,2,0.75,1.5,114.75
2024-07-20,DETERGENT ROBA COLOR,1,4.2,4.2,114.75
2024-07-20,CERVES.SHANDY LLAUNA,1,0.33,0.33,114.75
2024-07-20,XAMPÚ COND. MENTOL,1,2.3,2.3,114.75
2024-07-20,CERVESA VOLL-DAMM,3,0.99,2.97,114.75
2024-07-20,RECANVI LÍQUID INSEC,2,1.8,3.6,114.75
2024-07-20,MARGARINA FLORA,1,2.95,2.95,114.75
2024-07-20,BEURE FRUITES BOSC,1,2.05,2.05,114.75
2024-07-20,DESODORANT BOLA DOVE,1,2.5,2.5,114.75
2024-07-20,PAPER HUMIT WC,2,1.55,3.1,114.75
2024-07-20,CAFÈ MÒLT FORT,1,3.85,3.85,114.75
2024-07-20,BEGUDA AVENA,1,0.95,0.95,114.75
2024-07-20,ESPINACS,1,1.2,1.2,114.75
2024-07-20,CAMAMILLA,1,0.55,0.55,114.75
2024-07-20,FORMATGE RATLLAT POL,1,1.6,1.6,114.75
2024-07-20,FORMATGE TALLS LIGHT,1,2.11,2.11,114.75
2024-07-20,ARRÒS LLARG,1,1.35,1.35,114.75
2024-07-20,LLENTIA PARDINA,1,2.1,2.1,114.75
2024-07-20,XAMPINYÓ GRAN,1,2.12,2.12,114.75
2024-07-20,BURRATA,1,2.2,2.2,114.75
2024-07-20,BLANQUEJADOR DENTIFR,1,3.95,3.95,114.75
2024-07-20,TALL CAP DE LLOM,1,3.94,3.94,114.75
2024-07-20,HIGIÈNIC DOBLE ROTLL,1,4.6,4.6,114.75
2024-07-20,PÀRQUING,1,0.0,0.0,114.75
2024-07-22,GNOCCHI QUESOS,1,2.0,2.0,24.45
2024-07-22,POWERADE ICE STORM,1,1.52,1.52,24.45
2024-07-22,FORMATGE RATLLAT POL,1,1.6,1.6,24.45
2024-07-22,BEURE FRUITES BOSC,1,2.05,2.05,24.45
2024-07-22,GALETA FARCIDA CREMA,1,1.5,1.5,24.45
2024-07-22,PATATES BRAVES ALLIO,1,2.3,2.3,24.45
2024-07-22,BROQUETA MEXICÀ,1,4.1,4.1,24.45
2024-07-23,GREC NATURAL,1,2.4,2.4,18.3
2024-07-23,LLET SENCERA,2,0.91,1.82,18.3
2024-07-23,BÍFIDUS NATURAL,1,1.25,1.25,18.3
2024-07-23,CEBA TUB,1,1.75,1.75,18.3
2024-07-23,PÈSOL FI,1,1.6,1.6,18.3
2024-07-23,PÀRQUING,1,0.0,0.0,18.3
2024-07-25,BOSSA PLÀSTIC,1,0.15,0.15,8.16
2024-07-25,FORMATGE TALLS LIGHT,1,2.22,2.22,8.16
2024-07-25,TOMÀQUET R. ARTESANA,2,1.5,3.0,8.16
2024-07-26,BENTO PEQUEÑO,1,6.75,6.75,16.65
2024-07-26,GOUDA SEMI RODANXES,1,2.2,2.2,16.65
2024-07-26,BOSSA PAPER,1,0.1,0.1,16.65
2024-07-26,POLLO TERIYAKI,1,5.0,5.0,16.65
2024-07-27,ROTLLE LLAR DOBLE,1,2.25,2.25,70.69
2024-07-27,LLET SENCERA,4,0.91,3.64,70.69
2024-07-27,BEURE FRUITES BOSC,2,2.05,4.1,70.69
2024-07-27,FLOCS DE CIVADA,1,0.9,0.9,70.69
2024-07-27,CERVESA VOLL-DAMM,2,0.99,1.98,70.69
2024-07-27,PAPER HUMIT WC,2,1.55,3.1,70.69
2024-07-27,RAÏM BLANC SENSE PEP,1,2.67,2.67,70.69
2024-07-27,RAÏM VERMELLA SENSE,1,2.63,2.63,70.69
2024-07-27,COSTILLA CHURRASCO,1,5.83,5.83,70.69
2024-07-27,ARRÒS LLARG,1,1.35,1.35,70.69
2024-07-27,FUSILLI SENSE GLUTEN,1,1.95,1.95,70.69
2024-07-27,AS. HERBES PROVENÇAL,1,1.0,1.0,70.69
2024-07-27,TOMÀQUET R. ARTESANA,2,1.5,3.0,70.69
2024-07-27,BURGER BOVÍ PORC,1,3.78,3.78,70.69
2024-07-27,TALLS DE LLOM,1,3.18,3.18,70.69
2024-07-27,TONYINA CLARA OLIV,1,5.15,5.15,70.69
2024-07-27,PAPER ALUMINI,1,2.05,2.05,70.69
2024-07-27,PÀRQUING,1,0.0,0.0,70.69
2024-07-29,BÍFIDUS MANGO,1,1.3,1.3,15.59
2024-07-29,CRUNCHY CHICKEN,1,2.05,2.05,15.59
2024-07-29,FORMATGE RATLLAT POL,1,1.6,1.6,15.59
2024-07-31,BÍFIDUS FIBRES I CER,1,1.3,1.3,16.71
2024-07-31,GREC NATURAL,1,2.4,2.4,16.71
2024-07-31,MELÓ GRIPAU PARTIT,1,2.43,2.43,16.71
2024-07-31,FORMATGE FRESC AMANI,1,1.95,1.95,16.71
2024-07-31,FORMATGE TALLS LIGHT,1,2.32,2.32,16.71
2024-08-03,BOSSA PLÀSTIC,1,0.15,0.15,16.59
2024-08-03,BAGUET,1,0.55,0.55,16.59
2024-08-03,ESPELMES ANIVERSARI,1,0.9,0.9,16.59
2024-08-03,TOMÀQUET NATURAL RAT,1,1.39,1.39,16.59
2024-08-03,PÀRQUING,1,0.0,0.0,16.59
2024-08-03,DETERGENT ROBA COLOR,1,4.2,4.2,62.11
2024-08-03,BEGUDA AVENA,3,0.95,2.85,62.11
2024-08-03,CAMAMILLA,1,0.55,0.55,62.11
2024-08-03,HIGIÈNIC DOBLE ROTLL,1,4.6,4.6,62.11
2024-08-03,ACOND REPARA,1,2.95,2.95,62.11
2024-08-03,ROTLLE LLAR DOBLE,1,2.25,2.25,62.11
2024-08-03,SUAVITZANT DELICAT,1,1.85,1.85,62.11
2024-08-03,FUSILLI SENSE GLUTEN,1,1.95,1.95,62.11
2024-08-03,TONYINA CLARA OLIV,1,5.15,5.15,62.11
2024-08-03,RAÏM BLANC SENSE PEP,1,2.71,2.71,62.11
2024-08-03,RAÏM VERMELLA SENSE,1,2.43,2.43,62.11
2024-08-03,SALSIT FRANKFURT FOR,1,1.85,1.85,62.11
2024-08-03,PÀRQUING,1,0.0,0.0,62.11
2024-08-05,AGUA MINERAL,3,0.67,2.01,58.85
2024-08-05,BEBER FRUTAS BOSQUE,1,2.05,2.05,58.85
2024-08-05,BURGER VACUNO CERDO,1,3.78,3.78,58.85
2024-08-05,MARGARINA FLORA,1,2.95,2.95,58.85
2024-08-05,QUESO FRESCO ENSALAD,1,1.95,1.95,58.85
2024-08-05,MORTADELA ACEITUNAS,1,1.25,1.25,58.85
2024-08-05,COPOS DE AVENA,1,0.9,0.9,58.85
2024-08-05,DET LIQ PRENDA DELIC,1,2.5,2.5,58.85
2024-08-05,GEL FRESCOR AZUL,1,1.0,1.0,58.85
2024-08-05,PROT. DRY NORMAL,1,2.1,2.1,58.85
2024-08-05,CHAMPÚ AC MENTOL,1,2.3,2.3,58.85
2024-08-05,PISTACHO NATURAL,2,2.64,5.28,58.85
2024-08-05,QUESO LONCHAS MOZZAR,1,1.7,1.7,58.85
2024-08-05,CUQUITOS,1,0.75,0.75,58.85
2024-08-05,FILM TRANSPARENTE,1,1.85,1.85,58.85
2024-08-05,COLGATE ANTICARIES,1,1.95,1.95,58.85
2024-08-05,AROS DE MAÍZ,1,0.85,0.85,58.85
2024-08-07,BEBER FRUTAS BOSQUE,1,2.05,2.05,36.95
2024-08-07,MARGARINA FLORA,1,2.95,2.95,36.95
2024-08-07,ISOTÓNICO BLUE,3,0.6,1.8,36.95
2024-08-07,POWERADE ICE STORM,1,1.45,1.45,36.95
2024-08-07,BEBIDA AVENA,2,0.95,1.9,36.95
2024-08-07,PISTACHO NATURAL,1,2.64,2.64,36.95
2024-08-07,CHOCO LECHE CLASSIC,2,1.25,2.5,36.95
2024-08-07,GOLOSINAS MINI MIX,1,1.6,1.6,36.95
2024-08-07,CÁP. CLASSIC,1,3.05,3.05,36.95
2024-08-07,AROS DE MAÍZ,1,0.85,0.85,36.95
2024-08-07,PAPEL HUMEDO WC,2,1.55,3.1,36.95
2024-08-10,CUQUITOS,1,0.75,0.75,45.68
2024-08-10,BANDA CORTAR,1,1.5,1.5,45.68
2024-08-10,AROS DE MAÍZ,1,0.85,0.85,45.68
2024-08-10,BEBIDA AVENA,2,0.95,1.9,45.68
2024-08-10,APOSITO CLASSIC,1,1.0,1.0,45.68
2024-08-10,BEBER FRUTAS BOSQUE,1,2.05,2.05,45.68
2024-08-10,PULGUITA,1,0.17,0.17,45.68
2024-08-10,DENTIFRICO BICARBONA,1,1.75,1.75,45.68
2024-08-10,TOMATE ENSALADA BAND,1,2.12,2.12,45.68
2024-08-10,ROLLO HOGAR DOBLE,1,2.25,2.25,45.68
2024-08-10,COPOS DE AVENA,1,0.9,0.9,45.68
2024-08-21,CUIDACOL NATURAL,1,2.6,2.6,25.68
2024-08-21,RAÏM VERMELLA SENSE,1,2.63,2.63,25.68
2024-08-21,BEURE FRUITES BOSC,1,2.05,2.05,25.68
2024-08-21,LLET SENCERA,1,0.91,0.91,25.68
2024-08-21,RAÏM BLANC SENSE PEP,1,2.37,2.37,25.68
2024-08-21,BÍFIDUS NATURAL,1,1.25,1.25,25.68
2024-08-21,FORMATGE TALLS LIGHT,1,2.32,2.32,25.68
2024-10-28,OLI VERGE,1,22.5,22.5,25.01
2024-10-28,BÍFIDUS NATURAL,1,1.25,1.25,25.01
2024-10-28,PÀRQUING,1,0.0,0.0,25.01
2024-10-29,LLET SENCERA,1,0.92,0.92,13.96
2024-10-29,BÍFIDUS NATURAL,1,1.25,1.25,13.96
2024-10-29,BOSSA PLÀSTIC,1,0.15,0.15,13.96
2024-10-29,CERVESA VOLL-DAMM,2,0.99,1.98,13.96
2024-10-29,LLONZA COLL,1,3.91,3.91,13.96
2024-10-29,PÀRQUING,1,0.0,0.0,13.96
2024-10-31,BÍFIDUS FIBRES I CER,1,1.3,1.3,23.94
2024-10-31,BÍFIDUS NATURAL,1,1.25,1.25,23.94
2024-10-31,BOSSA PLÀSTIC,2,0.15,0.3,23.94
2024-10-31,CAMAMILLA,1,0.5,0.5,23.94
2024-10-31,PA DE PESSIC XOC SG,1,2.2,2.2,23.94
2024-10-31,BEURE FRUITES BOSC,1,2.05,2.05,23.94
2024-10-31,CERVESA VOLL-DAMM,2,0.99,1.98,23.94
2024-10-31,TALLS DE LLOM,1,2.94,2.94,23.94
2024-10-31,FORMATGE TALLS LIGHT,1,2.36,2.36,23.94
2024-10-31,PÀRQUING,1,0.0,0.0,23.94
2024-11-02,CIVADA CRUNCHY,1,1.9,1.9,129.65
2024-11-02,RAÏM VERMELLA SENSE,1,2.67,2.67,129.65
2024-11-02,FLOCS DE CIVADA,1,1.35,1.35,129.65
2024-11-02,GREC NATURAL,1,2.4,2.4,129.65
2024-11-02,GOLOSINAS MINI MIX,1,1.6,1.6,129.65
2024-11-02,PAPER HUMIT WC,3,1.55,4.65,129.65
2024-11-02,BEURE FRUITES BOSC,1,2.05,2.05,129.65
2024-11-02,GEL COCO,1,1.5,1.5,129.65
2024-11-02,NATA ESPRAI,1,1.65,1.65,129.65
2024-11-02,BEGUDA AVENA,3,0.95,2.85,129.65
2024-11-02,CERVESA,4,0.85,3.4,129.65
2024-11-02,XAMPÚ REPARA I PROT.,1,2.95,2.95,129.65
2024-11-02,CERVESA,1,8.28,8.28,129.65
2024-11-02,TARONJA ZERO,1,0.75,0.75,129.65
2024-11-02,TE AMB LLIMONA,1,0.99,0.99,129.65
2024-11-02,DESODORANT BOLA DOVE,1,2.5,2.5,129.65
2024-11-02,PATATES SERRANO,1,1.15,1.15,129.65
2024-11-02,BLANQUEJADOR DENTIFR,1,3.85,3.85,129.65
2024-11-02,PATATA FORM. CURAT,1,1.15,1.15,129.65
2024-11-02,PATATES XURRERIA,1,1.05,1.05,129.65
2024-11-02,RAÏM BLANC SENSE PEP,1,3.29,3.29,129.65
2024-11-02,OLIVA AMANIDA,1,1.85,1.85,129.65
2024-11-02,FORMATGE TALLS LIGHT,1,2.32,2.32,129.65
2024-11-02,VACA TALLAT,1,2.5,2.5,129.65
2024-11-02,COSTELLA XURRASCO,1,6.0,6.0,129.65
2024-11-02,ARRÒS LLARG,2,1.38,2.76,129.65
2024-11-02,GARROFÓ,1,1.53,1.53,129.65
2024-11-02,PASTÍS NATA-XOCOLATA,1,1.95,1.95,129.65
2024-11-02,BOSSA RÀFIA,1,0.65,0.65,129.65
2024-11-02,PÀRQUING,1,0.0,0.0,129.65
2024-11-06,RAÏM BLANC SENSE PEP,1,2.8,2.8,24.83
2024-11-06,BEURE FRUITES BOSC,1,2.05,2.05,24.83
2024-11-06,MINI BURG POLLASTRE,1,2.7,2.7,24.83
2024-11-06,PATATES BRAVES ALLIO,1,2.5,2.5,24.83
2024-11-06,CAMAMILLA,1,0.5,0.5,24.83
2024-11-06,FORMATGE TALLS LIGHT,1,2.46,2.46,24.83
2024-11-08,HIGIÈNIC DOBLE ROTLL,1,4.7,4.7,54.16
2024-11-08,ROTLLE LLAR DOBLE,1,2.35,2.35,54.16
2024-11-08,BOVÍ DAUS ANOLL,1,7.22,7.22,54.16
2024-11-08,PA DE FORMATGE,2,0.45,0.9,54.16
2024-11-08,GREC NATURAL,1,2.4,2.4,54.16
2024-11-08,RAÏM VERMELLA SENSE,1,2.38,2.38,54.16
2024-11-08,BEURE FRUITES BOSC,1,2.05,2.05,54.16
2024-11-08,BÍFIDUS NATURAL,1,1.25,1.25,54.16
2024-11-08,GNOCCHI QUESOS,1,2.05,2.05,54.16
2024-11-08,BEGUDA AVENA,1,0.95,0.95,54.16
2024-11-08,ARRÒS LLARG,1,1.38,1.38,54.16
2024-11-08,LLET SENCERA,1,0.92,0.92,54.16
2024-11-08,BÍF FRUITES SIL,1,1.3,1.3,54.16
2024-11-08,TOMÀQUET TRITURAT,1,0.65,0.65,54.16
2024-11-08,FORMATGE RATLLAT POL,1,1.71,1.71,54.16
2024-11-08,FORMATGE TALLS LIGHT,1,2.27,2.27,54.16
2024-11-08,ROTI POLLASTRE,1,3.0,3.0,54.16
2024-11-12,BAGUET,1,0.56,0.56,40.03
2024-11-12,BEURE FRUITES BOSC,1,2.05,2.05,40.03
2024-11-12,GEL AMB LLEIXIU,1,1.9,1.9,40.03
2024-11-12,BEGUDA AVENA,2,0.95,1.9,40.03
2024-11-12,LLET SENCERA,2,0.92,1.84,40.03
2024-11-12,DESGREIXADOR PISTOLA,1,3.7,3.7,40.03
2024-11-12,GREC NATURAL,1,2.4,2.4,40.03
2024-11-12,NETEJADOR ESPONJÓS F,1,1.55,1.55,40.03
2024-11-12,BOSSES ES.CUBELL ALT,1,1.85,1.85,40.03
2024-11-12,BÍFIDUS NATURAL,1,1.25,1.25,40.03
2024-11-12,VIDRES MULTIUSOS,1,1.0,1.0,40.03
2024-11-12,BATUT VAINILLA PAQUE,1,1.65,1.65,40.03
2024-11-12,PÈSOL FI,1,1.58,1.58,40.03
2024-11-12,FORMATGE TALLS LIGHT,1,2.4,2.4,40.03
2024-11-12,PA VIENA,2,0.4,0.8,40.03
2024-11-12,PÀRQUING,1,0.0,0.0,40.03
2024-11-15,BEURE FRUITES BOSC,1,2.05,2.05,109.44
2024-11-15,FILM TRANSPARENT,1,1.85,1.85,109.44
2024-11-15,FARINA DE CIGRÓ,1,2.0,2.0,109.44
2024-11-15,PAPER HUMIT WC,2,1.55,3.1,109.44
2024-11-15,DET. BLANCA I COLOR,1,5.65,5.65,109.44
2024-11-15,LS PATATA PANADERA,1,2.5,2.5,109.44
2024-11-15,CERVESA VOLL-DAMM,2,0.99,1.98,109.44
2024-11-15,PERNIL SERRÀ SOBRE,1,4.1,4.1,109.44
2024-11-15,FORMATGE TALLS LIGHT,1,2.49,2.49,109.44
2024-11-15,TALL PIT FI,1,4.29,4.29,109.44
2024-11-15,TALL PIT FI,1,4.53,4.53,109.44
2024-11-15,BÍFIDUS NATURAL,1,1.25,1.25,109.44
2024-11-15,XAMPÚ REPARA I PROT.,1,2.95,2.95,109.44
2024-11-15,PA DE FORMATGE,2,0.45,0.9,109.44
2024-11-15,LLONGANISSA POBLE,1,3.3,3.3,109.44
2024-11-15,COSTELLA XURRASCO,1,6.54,6.54,109.44
2024-11-15,BLANQUEJADOR DENTIFR,1,3.85,3.85,109.44
2024-11-15,LLENTIA PARDINA,1,2.14,2.14,109.44
2024-11-15,ARRÒS LLARG,1,1.38,1.38,109.44
2024-11-15,TOTAL ACTION ELIX.,1,1.35,1.35,109.44
2024-11-15,NOCILLA ORIGINAL,1,3.65,3.65,109.44
2024-11-15,MINI BURGER MIXTA,1,2.65,2.65,109.44
2024-11-15,TONYINA CLARA OLIV,1,5.15,5.15,109.44
2024-11-15,TOMÀQUET R. ARTESANA,2,1.5,3.0,109.44
2024-11-15,PATATES FREGIDES SAL,1,1.99,1.99,109.44
2024-11-15,FESTUC NATURAL,1,2.69,2.69,109.44
2024-11-15,RAÏM VERMELLA SENSE,1,2.24,2.24,109.44
2024-11-15,RAÏM BLANC SENSE PEP,1,2.69,2.69,109.44
2024-11-15,BOSSA PLÀSTIC,1,0.15,0.15,4.97
2024-11-15,ENSALADILLA,1,1.33,1.33,4.97
2024-11-16,COMP. CLÀSSICA NORM,2,1.1,2.2,12.23
2024-11-16,COMP. CLÀSSICA PLEG,1,1.2,1.2,12.23
2024-11-16,TAMPAX COMPAK REG.,1,2.7,2.7,12.23
2024-11-16,TAMPAX COMPAK S.PLUS,1,3.5,3.5,12.23
2024-11-16,BOSSA PLÀSTIC,1,0.15,0.15,12.23
2024-11-18,GREC NATURAL,1,2.4,2.4,11.82
2024-11-18,BOSSA PLÀSTIC,1,0.15,0.15,11.82
2024-11-18,BEGUDA AVENA,1,0.95,0.95,11.82
2024-11-18,NAPOLITANA MIXTA,1,0.9,0.9,11.82
2024-11-18,PASTÍS FORMATGE,1,1.8,1.8,11.82
2024-11-18,LLET SENCERA,2,0.92,1.84,11.82
2024-11-18,PA VIENA,2,0.4,0.8,11.82
2024-11-18,BÍFIDUS NATURAL,1,1.25,1.25,11.82
2024-11-18,PÀRQUING,1,0.08,0.08,11.82
2024-11-19,CIVADA CRUNCHY,1,1.9,1.9,28.16
2024-11-19,FLOCS DE CIVADA,1,1.35,1.35,28.16
2024-11-19,BÍFIDUS MANGO,1,1.3,1.3,28.16
2024-11-19,BÍFIDUS NATURAL,1,1.25,1.25,28.16
2024-11-19,FORMATGE RATLLAT POL,1,1.71,1.71,28.16
2024-11-19,FUSILLI SENSE GLUTEN,1,2.0,2.0,28.16
2024-11-19,PA VIENA,2,0.4,0.8,28.16
2024-11-19,RAÏM BLANC SENSE PEP,1,2.78,2.78,28.16
2024-11-22,BEGUDA AVENA,2,0.95,1.9,76.64
2024-11-22,LLET SENCERA,3,0.92,2.76,76.64
2024-11-22,CAMAMILLA,1,0.5,0.5,76.64
2024-11-22,GEL COCO,1,1.5,1.5,76.64
2024-11-22,SUAVITZANT DELICAT,1,1.85,1.85,76.64
2024-11-22,BEURE FRUITES BOSC,1,2.05,2.05,76.64
2024-11-22,PAPER HUMIT WC,2,1.55,3.1,76.64
2024-11-22,BÍFIDUS FIBRES I CER,1,1.3,1.3,76.64
2024-11-22,BÍFIDUS NATURAL,1,1.25,1.25,76.64
2024-11-22,RIOJA CRIANÇA,1,3.0,3.0,76.64
2024-11-22,DESEMBUSSADOR TURBO,1,1.7,1.7,76.64
2024-11-22,GREC NATURAL,1,2.4,2.4,76.64
2024-11-22,RAÏM BLANC SENSE PEP,1,2.59,2.59,76.64
2024-11-22,COSTELLA XURRASCO,1,5.14,5.14,76.64
2024-11-22,RAÏM VERMELLA SENSE,1,2.15,2.15,76.64
2024-11-22,CERVESA VOLL-DAMM,2,0.99,1.98,76.64
2024-11-22,TOMÀQUET TRITURAT,1,0.65,0.65,76.64
2024-11-22,AS. HERBES PROVENÇAL,1,1.0,1.0,76.64
2024-11-22,PERNIL SERRÀ SOBRE,1,4.1,4.1,76.64
2024-11-22,FORMATGE TALLS LIGHT,1,2.5,2.5,76.64
2024-11-22,CEBA TUB,1,1.6,1.6,76.64
2024-11-22,HIGIÈNIC DOBLE ROTLL,1,4.7,4.7,76.64
2024-11-23,ROTLLE LLAR DOBLE,1,2.35,2.35,24.38
2024-11-23,SOPA MERAVELLA,3,0.65,1.95,24.38
2024-11-23,BOVÍ DAUS ANOLL,1,8.71,8.71,24.38
2024-11-23,REMOLATXA CUITA,1,0.99,0.99,24.38
2024-11-23,TOMÀQUET NATURAL RAT,1,1.42,1.42,24.38
2024-11-23,GEL OLIVA,1,1.4,1.4,24.38
2024-11-23,FORMATGE SEMI TALLAT,1,4.61,4.61,24.38
2024-11-25,CUIDACOL NATURAL,1,2.6,2.6,30.34
2024-11-25,BATUT XOCOLATA PAQUE,1,1.5,1.5,30.34
2024-11-25,BEURE FRUITES BOSC,1,2.05,2.05,30.34
2024-11-25,FORMATGE TALLS LIGHT,1,2.43,2.43,30.34
2024-11-25,CAMAMILLA,1,0.5,0.5,30.34
2024-11-25,FUSILLI SENSE GLUTEN,1,2.0,2.0,30.34
2024-11-25,RAÏM BLANC SENSE PEP,1,2.73,2.73,30.34
2024-11-25,RAÏM VERMELLA SENSE,1,2.41,2.41,30.34
2024-11-25,BRAVAS,1,2.5,2.5,30.34
2024-11-27,GREC NATURAL,1,2.4,2.4,15.58
2024-11-27,LLET SENCERA,1,0.92,0.92,15.58
2024-11-27,BOSSA PLÀSTIC,2,0.15,0.3,15.58
2024-11-27,BEGUDA AVENA,1,0.95,0.95,15.58
2024-11-27,PA VIENA,2,0.4,0.8,15.58
2024-11-29,HIGIÈNIC DOBLE ROTLL,1,4.7,4.7,67.73
2024-11-29,PAPER HUMIT WC,2,1.55,3.1,67.73
2024-11-29,LLET SENCERA,2,0.92,1.84,67.73
2024-11-29,BEGUDA AVENA,1,0.95,0.95,67.73
2024-11-29,GREC NATURAL,1,2.4,2.4,67.73
2024-11-29,BÍFIDUS FIBRES I CER,1,1.3,1.3,67.73
2024-11-29,BÍFIDUS NATURAL,1,1.25,1.25,67.73
2024-11-29,COSTELLA XURRASCO,1,5.08,5.08,67.73
2024-11-29,ROTLLE LLAR DOBLE,1,2.35,2.35,67.73
2024-11-29,BRAVAS,1,2.5,2.5,67.73
2024-11-29,LLONZA COLL,1,4.32,4.32,67.73
2024-11-29,FORMATGE TALLS LIGHT,1,2.2,2.2,67.73
2024-11-29,MINI BURGER MIXTA,1,2.65,2.65,67.73
2024-11-29,PA DE FORMATGE,2,0.45,0.9,67.73
2024-11-29,FESTUC NATURAL,1,2.69,2.69,67.73
2024-11-29,PERNIL SERRÀ SOBRE,1,4.1,4.1,67.73
2024-11-29,MOZZARELLA BUFALA,1,1.72,1.72,67.73
2024-11-29,TOMÀQUET R. ARTESANA,1,1.5,1.5,67.73
2024-11-29,CR. MANOS HIDRATANTE,1,1.0,1.0,67.73
2024-11-29,RAÏM VERMELLA SENSE,1,2.41,2.41,67.73
2024-11-29,RAÏM BLANC SENSE PEP,1,2.35,2.35,67.73
2024-12-03,BAGUET,1,0.56,0.56,32.12
2024-12-03,NAPOLITANA MIXTA,1,0.9,0.9,32.12
2024-12-03,BEURE FRUITES BOSC,1,2.05,2.05,32.12
2024-12-03,BEGUDA AVENA,1,0.95,0.95,32.12
2024-12-03,PÈSOL FI,1,1.58,1.58,32.12
2024-12-03,BÍF FRUITES SIL,1,1.3,1.3,32.12
2024-12-03,BÍFIDUS NATURAL,1,1.25,1.25,32.12
2024-12-03,PERNIL SERRÀ SOBRE,1,4.1,4.1,32.12
2024-12-03,FORMATGE TALLS LIGHT,1,2.43,2.43,32.12
2024-12-03,RAÏM BLANC SENSE PEP,1,2.66,2.66,32.12
2024-12-03,RAÏM VERMELLA SENSE,1,2.47,2.47,32.12
2024-12-03,CAMAMILLA,1,0.5,0.5,32.12
2024-12-03,PÀRQUING,1,0.0,0.0,32.12
2024-12-05,PA DE FORMATGE,2,0.45,0.9,21.59
2024-12-05,AIGUA SENSE GAS,1,0.5,0.22,21.59
2024-12-05,FORMATGE TALLS LIGHT,1,2.2,2.2,21.59
2024-12-05,BEURE FRUITES BOSC,1,2.05,2.05,21.59
2024-12-05,RAÏM BLANC SENSE PEP,1,3.12,3.12,21.59
2024-12-05,BÍF FRUITES SIL,1,1.3,1.3,21.59
2024-12-05,BÍFIDUS NATURAL,1,1.25,1.25,21.59
2024-12-05,RAÏM VERMELLA SENSE,1,2.34,2.34,21.59
2024-12-14,HIGIÈNIC DOBLE ROTLL,1,4.7,4.7,65.81
2024-12-14,ARRÒS LLARG,2,1.38,2.76,65.81
2024-12-14,BÍFIDUS MANGO,1,1.3,1.3,65.81
2024-12-14,BÍFIDUS FIBRES I CER,1,1.3,1.3,65.81
2024-12-14,CIVADA CRUNCHY,1,1.9,1.9,65.81
2024-12-14,BEGUDA AVENA,2,0.95,1.9,65.81
2024-12-14,VALENCIANA,1,2.4,2.4,65.81
2024-12-14,PERNIL CUIT LF,1,2.05,2.05,65.81
2024-12-14,FORMATGE TALLS LIGHT,1,2.38,2.38,65.81
2024-12-14,RAÏM BLANC SENSE PEP,1,2.7,2.7,65.81
2024-12-14,CAMAMILLA,1,0.55,0.55,65.81
2024-12-14,COSTELLA XURRASCO,1,4.36,4.36,65.81
2024-12-14,MOZZARELLA BUFALA,1,1.72,1.72,65.81
2024-12-14,TOMÀQUET R. ARTESANA,2,1.5,3.0,65.81
2024-12-14,PÀRQUING,1,0.0,0.0,65.81
2024-12-17,PA VIENA,2,0.4,0.8,51.35
2024-12-17,PA DE FORMATGE,2,0.45,0.9,51.35
2024-12-17,BEURE FRUITES BOSC,1,2.05,2.05,51.35
2024-12-17,FILM TRANSPARENT,1,1.85,1.85,51.35
2024-12-17,FUET ESPETEC EXTRA,1,2.57,2.57,51.35
2024-12-17,FORMATGE SANDWICH,1,1.28,1.28,51.35
2024-12-17,BEGUDA AVENA,2,0.95,1.9,51.35
2024-12-17,BÍFIDUS FIBRES I CER,1,1.3,1.3,51.35
2024-12-17,NOCILLA ORIGINAL,1,3.85,3.85,51.35
2024-12-17,RAÏM BLANC SENSE PEP,1,2.56,2.56,51.35
2024-12-17,PERNIL SERRÀ SOBRE,1,4.1,4.1,51.35
2024-12-17,FORMATGE RATLLAT POL,1,1.71,1.71,51.35
2024-12-17,FORMATGE TALLS LIGHT,1,2.29,2.29,51.35
2024-12-17,BRAVAS,1,2.5,2.5,51.35
2024-12-17,GNOCCHI QUESOS,1,2.05,2.05,51.35
2024-12-21,ROTLLE LLAR DOBLE,1,2.35,2.35,49.07
2024-12-21,CAFÈ MÒLT BARREJA,1,4.45,4.45,49.07
2024-12-21,DETERGENT ROBA COLOR,1,4.2,4.2,49.07
2024-12-21,NATA PER CUINAR,1,1.75,1.75,49.07
2024-12-21,ENCENEDOR CUINA WAVE,1,2.57,2.57,49.07
2024-12-21,RECANVI TIRÀS MFIBRA,1,3.5,3.5,49.07
2024-12-21,PAPER HUMIT WC,2,1.55,3.1,49.07
2024-12-21,FORMATGE RATLLAT POL,1,1.71,1.71,49.07
2024-12-21,GEL COCO,1,1.5,1.5,49.07
2024-12-21,BEGUDA AVENA,1,0.95,0.95,49.07
2024-12-21,TIRÀS ATRAPAPOLS,1,4.5,4.5,49.07
2024-12-21,SAL FINA,1,0.4,0.4,49.07
2024-12-21,CR. MANOS HIDRATANTE,1,1.0,1.0,49.07
2024-12-21,FESTUC NATURAL,2,2.69,5.38,49.07
2024-12-23,OLI VERGE,1,17.95,17.95,42.93
2024-12-23,FLOCS DE CIVADA,1,1.35,1.35,42.93
2024-12-23,FUSILLI SENSE GLUTEN,1,2.0,2.0,42.93
2024-12-23,FARINA ARRÒS,1,1.28,1.28,42.93
2024-12-23,CAMAMILLA,1,0.55,0.55,42.93
2024-12-23,AMETLLA MÒLTA,1,2.11,2.11,42.93
2024-12-23,FORMATGE FRESC AMANI,1,1.99,1.99,42.93
2024-12-23,MOZZARELLA BUFALA,1,1.72,1.72,42.93
2024-12-23,NATA ESPRAI,1,1.65,1.65,42.93
2024-12-23,TOMÀQUET R. ARTESANA,2,1.5,3.0,42.93
2024-12-23,BRAVAS,1,2.5,2.5,42.93
2024-12-27,GREC NATURAL,1,2.27,2.27,59.71
2024-12-27,LLENTIA PARDINA,1,2.14,2.14,59.71
2024-12-27,LLET SENCERA,4,0.92,3.68,59.71
2024-12-27,BEURE FRUITES BOSC,1,1.94,1.94,59.71
2024-12-27,BÍFIDUS NATURAL,1,1.18,1.18,59.71
2024-12-27,BÍFIDUS FIBRES I CER,1,1.23,1.23,59.71
2024-12-27,CAMAMILLA,1,0.55,0.55,59.71
2024-12-27,BEGUDA AVENA,2,0.95,1.9,59.71
2024-12-27,HIGIÈNIC DOBLE ROTLL,1,4.7,4.7,59.71
2024-12-27,FORMATGE TALLS LIGHT,1,2.25,2.25,59.71
2024-12-27,RAÏM BLANC SENSE PEP,1,2.58,2.58,59.71
2024-12-27,RAÏM VERMELLA SENSE,1,2.68,2.68,59.71
2024-12-27,PÀRQUING,1,0.0,0.0,59.71
2024-12-30,LLET SENCERA,2,0.92,1.84,41.14
2024-12-30,BEURE FRUITES BOSC,1,1.94,1.94,41.14
2024-12-30,ROTLLE LLAR DOBLE,1,2.35,2.35,41.14
2024-12-30,BEGUDA AVENA,1,0.95,0.95,41.14
2024-12-30,RAÏM BLANC SENSE PEP,1,2.64,2.64,41.14
2024-12-30,GEL COCO,1,1.5,1.5,41.14
2024-12-30,ARRÒS LLARG,2,1.38,2.76,41.14
2024-12-30,RAÏM VERMELLA SENSE,1,2.93,2.93,41.14
2024-12-30,MINI BURG POLLASTRE,1,2.7,2.7,41.14
2024-12-30,FORMATGE RATLLAT POL,1,1.71,1.71,41.14
2024-12-30,TOMÀQUET R. ARTESANA,1,1.5,1.5,41.14
2024-12-30,PÀRQUING,1,0.0,0.0,41.14
2024-12-31,BÍFIDUS MANGO,1,1.23,1.23,7.03
2024-12-31,CUIDACOL NATURAL,1,2.46,2.46,7.03
2024-12-31,BOSSA PAPER,1,0.1,0.1,7.03
2025-01-02,BEURE FRUITES BOSC,1,1.94,1.94,40.15
2025-01-02,BOSSES ES.CUBELL ALT,1,1.85,1.85,40.15
2025-01-02,PAPER HUMIT WC,2,1.55,3.1,40.15
2025-01-02,TOMÀQUET R. ARTESANA,1,1.5,1.5,40.15
2025-01-02,ARRÒS LLARG,1,1.41,1.41,40.15
2025-01-02,BÍFIDUS NATURAL,1,1.18,1.18,40.15
2025-01-02,FUSILLI SENSE GLUTEN,1,2.05,2.05,40.15
2025-01-02,AS. HERBES PROVENÇAL,1,1.0,1.0,40.15
2025-01-02,RAÏM VERMELLA SENSE,1,2.67,2.67,40.15
2025-01-03,CAFÈ MÒLT NATURAL,1,4.45,4.45,18.75
2025-01-03,BRAVAS,1,2.5,2.5,18.75
2025-01-03,CÒCTEL NATURAL,1,2.5,2.5,18.75
2025-01-03,PERNIL SERRÀ SOBRE,1,4.1,4.1,18.75
2025-01-03,FLOCS DE CIVADA,1,1.35,1.35,51.68
2025-01-03,EL PESCAÍTO BLANCO,1,1.95,1.95,51.68
2025-01-03,ALBARIÑO P. ORANTES,1,6.0,6.0,51.68
2025-01-03,AMETLLA MÒLTA,1,2.15,2.15,51.68
2025-01-03,FESTUC NATURAL,2,2.74,5.48,51.68
2025-01-03,SUCRE,1,1.1,1.1,51.68
2025-01-03,CERVESA VOLL-DAMM,2,0.99,1.98,51.68
2025-01-03,FUZE TEA LLIMÓ LLAU.,1,0.99,0.99,51.68
2025-01-03,COSTELLA XURRASCO,1,5.68,5.68,51.68
2025-01-03,COSTELLA XURRASCO,1,4.33,4.33,51.68
2025-01-03,COSTELLA XURRASCO,1,5.81,5.81,51.68
2025-01-07,BEURE FRUITES BOSC,1,1.94,1.94,35.48
2025-01-07,CAMAMILLA,1,0.55,0.55,35.48
2025-01-07,TOTAL ACTION ELIX.,1,1.35,1.35,35.48
2025-01-07,PA VIENA,2,0.4,0.8,35.48
2025-01-07,RAÏM VERMELLA SENSE,1,2.77,2.77,35.48
2025-01-07,LLET SENCERA,2,0.94,1.88,35.48
2025-01-07,FORMATGE TALLS LIGHT,1,2.36,2.36,35.48
2025-01-07,BRAVAS,1,2.5,2.5,35.48
2025-01-10,HIGIÈNIC DOBLE ROTLL,1,4.7,4.7,49.66
2025-01-10,BEURE FRUITES BOSC,1,1.94,1.94,49.66
2025-01-10,BÍFIDUS FIBRES I CER,1,1.23,1.23,49.66
2025-01-10,ROTLLE LLAR DOBLE,1,2.35,2.35,49.66
2025-01-10,BÍFIDUS MANGO,1,1.23,1.23,49.66
2025-01-10,BÍFIDUS NATURAL,1,1.18,1.18,49.66
2025-01-10,FORMATGE RATLLAT POL,1,1.74,1.74,49.66
2025-01-10,FORMATGE SANDWICH,1,1.31,1.31,49.66
2025-01-10,PERNIL SERRÀ SOBRE,1,4.1,4.1,49.66
2025-01-10,RAÏM VERMELLA SENSE,1,2.69,2.69,49.66
2025-01-10,PERNIL CUIT LF,1,2.05,2.05,49.66
2025-01-10,PA DE FORMATGE,2,0.5,1.0,49.66
2025-01-10,FORMATGE TALLS LIGHT,1,2.49,2.49,49.66
2025-01-10,CERVESA VOLL-DAMM,2,0.99,1.98,49.66
2025-01-10,LLONZA COLL,1,4.07,4.07,49.66
2025-01-10,COSTELLA XURRASCO,1,4.26,4.26,49.66
2025-01-11,SUAVITZANT DELICAT,1,1.9,1.9,26.19
2025-01-11,OLI V.EXTRA,1,2.8,2.8,26.19
2025-01-11,LLENTIA PARDINA,1,2.18,2.18,26.19
2025-01-11,FORMATGE SEMI TALLAT,1,4.86,4.86,26.19
2025-01-11,TOMÀQUET NATURAL RAT,1,1.45,1.45,26.19
2025-01-11,TOMÀQUET R. ARTESANA,1,1.5,1.5,26.19
2025-01-11,PAPER HUMIT WC,2,1.55,3.1,26.19
2025-01-13,PA VIENA,2,0.4,0.8,29.87
2025-01-13,BEGUDA AVENA,1,0.95,0.95,29.87
2025-01-13,LLET SENCERA,1,0.94,0.94,29.87
2025-01-13,BÍFIDUS MANGO,1,1.23,1.23,29.87
2025-01-13,BÍFIDUS NATURAL,1,1.18,1.18,29.87
2025-01-13,RAÏM BLANC SENSE PEP,1,2.87,2.87,29.87
2025-01-13,MELÓ ENVASAT,1,5.01,5.01,29.87
2025-01-13,ARRÒS LLARG,1,1.41,1.41,29.87
2025-01-13,FILET PIT,1,4.05,4.05,29.87
2025-01-13,FORMATGE TALLS LIGHT,1,2.39,2.39,29.87
2025-01-16,MELÓ ENVASAT,1,3.85,3.85,27.31
2025-01-16,GEL AMB LLEIXIU,1,1.9,1.9,27.31
2025-01-16,BEGUDA AVENA,1,0.95,0.95,27.31
2025-01-16,PA VIENA,2,0.4,0.8,27.31
2025-01-16,PAPER HUMIT WC,1,1.55,1.55,27.31
2025-01-16,LLET SENCERA,1,0.94,0.94,27.31
2025-01-16,PÈSOL FI,1,1.61,1.61,27.31
2025-01-16,FILET GALL DINDI FI,1,5.09,5.09,27.31
2025-01-16,BRAVAS,1,2.5,2.5,27.31
2025-01-16,PIT GALL DINDI REDUÏ,1,2.2,2.2,27.31
2025-01-16,BOSSA PLÀSTIC,1,0.15,0.15,27.31
2025-01-17,CUIDACOL MADUIXA,1,2.46,2.46,85.69
2025-01-17,LLET SENCERA,2,0.94,1.88,85.69
2025-01-17,BEURE FRUITES BOSC,1,1.94,1.94,85.69
2025-01-17,LLET DESN,1,0.81,0.81,85.69
2025-01-17,BEGUDA AVENA,2,0.95,1.9,85.69
2025-01-17,CERVESA VOLL-DAMM,2,1.02,2.04,85.69
2025-01-17,BÍF FRUITES SIL,1,1.23,1.23,85.69
2025-01-17,BLANQUEJADOR DENTIFR,2,3.75,7.5,85.69
2025-01-17,BÍFIDUS MANGO,1,1.23,1.23,85.69
2025-01-17,TOTAL ACTION ELIX.,1,1.35,1.35,85.69
2025-01-17,FLOCS DE CIVADA,1,1.35,1.35,85.69
2025-01-17,MOZZARELLA BUFALA,1,1.75,1.75,85.69
2025-01-17,FLOR. BROCOLI,2,1.58,3.16,85.69
2025-01-17,TOMÀQUET R. ARTESANA,2,1.5,3.0,85.69
2025-01-17,PERNIL SERRÀ SOBRE,1,4.1,4.1,85.69
2025-01-17,TOM. RECEPTA ARTESAN,1,2.1,2.1,85.69
2025-01-17,MANDONGUILLES POLL.,1,5.8,5.8,85.69
2025-01-17,BURGER M BOVÍ PORC,1,3.7,3.7,85.69
2025-01-17,RAÏM BLANC SENSE PEP,1,2.66,2.66,85.69
2025-01-17,RAÏM VERMELLA SENSE,1,2.77,2.77,85.69
2025-01-17,TOMÀQUET RAMALLET,1,3.47,3.47,85.69
2025-01-21,BÍFIDUS MANGO,1,1.23,1.23,44.69
2025-01-21,BRAVAS,1,2.5,2.5,44.69
2025-01-21,BÍF FRUITES SIL,1,1.23,1.23,44.69
2025-01-21,BÍFIDUS NATURAL,1,1.18,1.18,44.69
2025-01-21,BEURE FRUITES BOSC,1,1.94,1.94,44.69
2025-01-21,LLET SENCERA,1,0.94,0.94,44.69
2025-01-21,BEGUDA AVENA,1,0.95,0.95,44.69
2025-01-21,CRUNCHY CHICKEN,1,1.9,1.9,44.69
2025-01-21,FILET DE PIT,1,5.16,5.16,44.69
2025-01-21,PA VIENA,3,0.4,1.2,44.69
2025-01-21,MELÓ ENVASAT,1,3.98,3.98,44.69
2025-01-21,RAÏM VERMELLA SENSE,1,2.82,2.82,44.69
2025-01-21,CAMAMILLA,1,0.55,0.55,44.69
2025-01-21,PERNIL CUIT LF,1,2.05,2.05,44.69
2025-01-21,BAGUET,1,0.57,0.57,44.69
2025-01-21,PÀRQUING,1,0.0,0.0,44.69
2025-01-23,HIGIÈNIC DOBLE ROTLL,1,4.7,4.7,35.03
2025-01-23,ROTLLE LLAR DOBLE,1,2.35,2.35,35.03
2025-01-23,PROT. NORMAL,1,1.85,1.85,35.03
2025-01-23,LLET SENCERA,1,0.94,0.94,35.03
2025-01-23,BEGUDA AVENA,1,0.95,0.95,35.03
2025-01-23,TOTAL ACTION ELIX.,1,1.35,1.35,35.03
2025-01-23,PA VIENA,3,0.4,1.2,35.03
2025-01-23,RAÏM BLANC SENSE PEP,1,2.73,2.73,35.03
2025-01-23,BÍFIDUS MANGO,1,1.23,1.23,35.03
2025-01-23,MELÓ ENVASAT,1,3.01,3.01,35.03
2025-01-23,ACOND REPARA,1,3.45,3.45,35.03
2025-01-23,ARRÒS LLARG,1,1.41,1.41,35.03
2025-01-23,PIT EXTRA T,1,4.56,4.56,35.03
2025-01-24,CEREALS MIEL STARS,1,2.1,2.1,29.45
2025-01-24,FUSILLI SENSE GLUTEN,1,2.05,2.05,29.45
2025-01-24,CINTES DE BACÓ,1,2.2,2.2,29.45
2025-01-24,BÍFIDUS MANGO,1,1.23,1.23,29.45
2025-01-24,CUIDACOL MADUIXA,1,2.46,2.46,29.45
2025-01-24,FORMATGE SANDWICH,1,1.31,1.31,29.45
2025-01-24,CERVESA VOLL-DAMM,2,1.02,2.04,29.45
2025-01-24,PERNIL SERRÀ SOBRE,1,4.1,4.1,29.45
2025-01-24,FILET,1,5.76,5.76,29.45
2025-01-27,DETERGENT ROBA COLOR,1,4.2,4.2,56.7
2025-01-27,BEGUDA AVENA,2,0.95,1.9,56.7
2025-01-27,PAPER HUMIT WC,2,1.55,3.1,56.7
2025-01-27,PA VIENA,3,0.4,1.2,56.7
2025-01-27,BÍF FRUITES SIL,1,1.23,1.23,56.7
2025-01-27,BÍFIDUS NATURAL,1,1.18,1.18,56.7
2025-01-27,LLET SENCERA,1,0.94,0.94,56.7
2025-01-27,GEL COCO,1,1.5,1.5,56.7
2025-01-27,GARROFÓ,1,1.56,1.56,56.7
2025-01-27,PÈSOL FI,1,1.61,1.61,56.7
2025-01-27,MINI BURGER MIXTA,1,2.65,2.65,56.7
2025-01-27,FILET DE PIT,1,5.24,5.24,56.7
2025-01-27,PIT GALL DINDI REDUÏ,1,2.2,2.2,56.7
2025-01-27,ARRÒS LLARG,1,1.41,1.41,56.7
2025-01-27,BRAVAS,1,2.5,2.5,56.7
2025-01-27,BLANQUEJADOR DENTIFR,1,3.75,3.75,56.7
2025-01-27,TOMÀQUET R. ARTESANA,1,1.5,1.5,56.7
2025-01-27,FLOR. BROCOLI,2,1.58,3.16,56.7
2025-01-27,RAÏM BLANC SENSE PEP,1,2.66,2.66,56.7
2025-01-29,PA VIENA,2,0.4,0.8,20.01
2025-01-29,FILET CERT,1,4.29,4.29,20.01
2025-01-29,BÍFIDUS NATURAL,1,1.18,1.18,20.01
2025-01-29,RAÏM BLANC SESE PEP,1,2.73,2.73,20.01
2025-01-29,BOSSA PLÀSTIC,1,0.15,0.15,20.01
2025-01-29,PERNIL CUIT LF,1,2.05,2.05,20.01
2025-01-29,FORMATGE TALLS LIGHT,1,2.36,2.36,20.01
2025-01-29,TOMÀQUET R. ARTESANA,1,1.5,1.5,20.01
2025-01-29,PÀRQUING,1,0.0,0.0,20.01
2025-01-31,AIGUA,1,0.25,0.25,44.59
2025-01-31,BEURE FRUITES BOSC,1,1.94,1.94,44.59
2025-01-31,LLET SENCERA,2,0.94,1.88,44.59
2025-01-31,BEGUDA AVENA,2,0.95,1.9,44.59
2025-01-31,FLOCS DE CIVADA,1,1.35,1.35,44.59
2025-01-31,RAÏM VERMELLA SESE,1,2.7,2.7,44.59
2025-01-31,PA DE FORMATGE,2,0.5,1.0,44.59
2025-01-31,PILOTETES,1,4.88,4.88,44.59
2025-01-31,CRUNCHY CHICKEN,1,1.9,1.9,44.59
2025-01-31,PERNIL SERRÀ SOBRE,1,4.1,4.1,44.59
2025-01-31,FORMATGE TALLS LIGHT,1,2.45,2.45,44.59
2025-01-31,FORMATGE SANDWICH,1,1.31,1.31,44.59
2025-02-01,VI RIOJA RESERVA,1,4.2,4.2,56.67
2025-02-01,ESPRAI ROBA NETA ELI,1,1.15,1.15,56.67
2025-02-01,BOSSA PLÀSTIC,1,0.15,0.15,56.67
2025-02-01,NOU PACANA,1,3.7,3.7,56.67
2025-02-01,ALBARIÑO P. ORANTES,1,6.0,6.0,56.67
2025-02-01,PIZZA PERNIL I FORMA,1,2.5,2.5,56.67
2025-02-01,TAMPAX COMPAK SÚPER,1,3.1,3.1,56.67
2025-02-01,TAMPAX COMPAK S.PLUS,1,3.5,3.5,56.67
2025-02-01,PROT. NORMAL,1,1.85,1.85,56.67
2025-02-01,COMP. CLÀSSICA PLEG,1,1.2,1.2,56.67
2025-02-01,COMP. CLÀSSICA NORM,1,1.1,1.1,56.67
2025-02-01,HIGIÈNIC DOBLE ROTLL,1,4.7,4.7,56.67
2025-02-01,FILM TRANSPARENT,1,1.85,1.85,56.67
2025-02-01,PAPER HUMIT WC,2,1.55,3.1,56.67
2025-02-03,NETEJADOR ESPONJÓS F,1,1.55,1.55,47.94
2025-02-03,BEURE FRUITES BOSC,1,1.94,1.94,47.94
2025-02-03,LLET SENCERA,2,0.94,1.88,47.94
2025-02-03,TOTAL ACTION ELIX.,1,1.35,1.35,47.94
2025-02-03,BÍF FRUITES SIL,1,1.23,1.23,47.94
2025-02-03,BÍFIDUS FIBRES I CER,1,1.23,1.23,47.94
2025-02-03,PA VIENA,3,0.4,1.2,47.94
2025-02-03,FILET DE PIT,1,4.58,4.58,47.94
2025-02-03,BÍFIDUS NATURAL,1,1.18,1.18,47.94
2025-02-03,BEGUDA AVENA,2,0.95,1.9,47.94
2025-02-03,BRAVAS,1,2.5,2.5,47.94
2025-02-03,CAMAMILLA,1,0.55,0.55,47.94
2025-02-03,RAÏM BLANC SESE PEP,1,2.84,2.84,47.94
2025-02-07,BEGUDA AVENA,2,0.95,1.9,105.95
2025-02-07,LLET SENCERA,2,0.94,1.88,105.95
2025-02-07,BÍFIDUS MANGO,1,1.23,1.23,105.95
2025-02-07,BEURE FRUITES BOSC,1,1.94,1.94,105.95
2025-02-07,FORMATGE RATLLAT PIZ,3,1.62,4.86,105.95
2025-02-07,FORMATGE TALLS LIGHT,1,2.36,2.36,105.95
2025-02-07,FUSILLI SENSE GLUTEN,1,2.05,2.05,105.95
2025-02-07,ARRÒS LLARG,1,1.41,1.41,105.95
2025-02-07,PERNIL CUIT LF,1,2.05,2.05,105.95
2025-02-07,PIT GALL DINDI REDUÏ,1,2.2,2.2,105.95
2025-02-07,MINI BURG POLLASTRE,1,2.7,2.7,105.95
2025-02-07,BURGER M BOVÍ PORC,1,3.7,3.7,105.95
2025-02-07,TOM. RECEPTA ARTESAN,1,2.1,2.1,105.95
2025-02-07,FORMATGE FRESC AMANI,1,2.03,2.03,105.95
2025-02-07,FILET,1,6.35,6.35,105.95
2025-02-07,FILET,1,6.23,6.23,105.95
2025-02-07,FORMATGE RATLLAT POL,1,1.74,1.74,105.95
2025-02-07,FLOR. BROCOLI,2,1.58,3.16,105.95
2025-02-07,TOMÀQUET R. ARTESANA,3,1.5,4.5,105.95
2025-02-07,FESTUC NATURAL,1,2.74,2.74,105.95
2025-02-07,RAÏM VERMELLA SESE,1,2.82,2.82,105.95
2025-02-07,TOMÀQUET RAMALLET,1,3.42,3.42,105.95
2025-02-07,RAÏM BLANC SESE PEP,1,2.67,2.67,105.95
2025-02-07,TONYINA CLARA OLIV,1,5.15,5.15,105.95
2025-02-07,CEBA TUB,1,1.55,1.55,105.95
2025-02-07,PA VIENA,2,0.4,0.8,105.95
2025-02-07,PA DE FORMATGE,1,0.5,0.5,105.95
2025-02-07,BÍFIDUS FIBRES I CER,1,1.23,1.23,105.95
2025-02-07,BÍFIDUS NATURAL,1,1.18,1.18,105.95
2025-02-07,NOCILLA ORIGINAL,1,3.25,3.25,105.95
2025-02-08,PA DE FORMATGE,2,0.5,1.0,19.37
2025-02-08,CEREALS MIEL STARS,1,2.1,2.1,19.37
2025-02-08,ROTLLE LLAR DOBLE,1,2.35,2.35,19.37
2025-02-08,CAMAMILLA,1,0.55,0.55,19.37
2025-02-08,MEL DE FLORS DOSIF.,1,2.95,2.95,19.37
2025-02-08,FT MERLUZA ARGENTINA,1,4.9,4.9,19.37
2025-02-08,WOK POLLASTRE,1,4.24,4.24,19.37
2025-02-10,SUAVITZANT DELICAT,1,1.9,1.9,30.23
2025-02-10,BEURE FRUITES BOSC,1,1.94,1.94,30.23
2025-02-10,BÍFIDUS NATURAL,1,1.18,1.18,30.23
2025-02-10,PERNIL SERRÀ SOBRE,1,4.1,4.1,30.23
2025-02-10,FORMATGE SANDWICH,1,1.31,1.31,30.23
2025-02-10,PIT EXTRA T,1,5.32,5.32,30.23
2025-02-10,BEGUDA AVENA,1,0.95,0.95,30.23
2025-02-10,CAFÈ MÒLT BARREJA,1,4.6,4.6,30.23
2025-02-11,LLET SENCERA,2,0.94,1.88,21.61
2025-02-11,BEGUDA AVENA,1,0.95,0.95,21.61
2025-02-11,BOSSA PLÀSTIC,1,0.15,0.15,21.61
2025-02-11,PA VIENA,4,0.4,1.6,21.61
2025-02-11,RAÏM VERMELLA SESE,1,2.69,2.69,21.61
2025-02-11,ENCENEDOR CUINA WAVE,1,2.57,2.57,21.61
2025-02-11,CUIDACOL NATURAL,1,2.46,2.46,21.61
2025-02-11,BÍF FRUITES SIL,1,1.23,1.23,21.61
2025-02-11,FORMATGE TALLS LIGHT,1,2.46,2.46,21.61
2025-02-11,PÀRQUING,1,0.0,0.0,21.61
2025-02-14,RAÏM BLANC SESE PEP,1,3.01,3.01,44.61
2025-02-14,BÍFIDUS MANGO,1,1.23,1.23,44.61
2025-02-14,ROTLLE LLAR DOBLE,1,2.35,2.35,44.61
2025-02-14,LLET SENCERA,2,0.94,1.88,44.61
2025-02-14,BEBER F. BOSQUE,2,1.37,2.74,44.61
2025-02-14,PERNIL SERRÀ SOBRE,1,4.1,4.1,44.61
2025-02-14,GALL DINDI A DAUS,1,4.77,4.77,44.61
2025-02-14,FILET PIT,1,3.6,3.6,44.61
2025-02-14,FUET ESPETEC EXTRA,2,2.57,5.14,44.61
2025-02-14,PÀRQUING,1,0.0,0.0,44.61
2025-02-17,BEGUDA AVENA,1,0.95,0.95,27.57
2025-02-17,BEBER F. BOSQUE,1,1.37,1.37,27.57
2025-02-17,PA VIENA,2,0.4,0.8,27.57
2025-02-17,BÍFIDUS FIBRES I CER,1,1.23,1.23,27.57
2025-02-17,BÍFIDUS MANGO,1,1.23,1.23,27.57
2025-02-17,BÍFIDUS NATURAL,1,1.18,1.18,27.57
2025-02-17,PERNIL SERRÀ SOBRE,1,4.1,4.1,27.57
2025-02-17,FORMATGE TALLS LIGHT,1,2.27,2.27,27.57
2025-02-17,BRAVAS,1,2.5,2.5,27.57
2025-02-20,PAPER HUMIT WC,1,1.55,1.55,38.76
2025-02-20,RAÏM BLANC SESE PEP,1,2.94,2.94,38.76
2025-02-20,BOSSA PLÀSTIC,2,0.15,0.3,38.76
2025-02-20,FLOCS DE CIVADA,1,1.35,1.35,38.76
2025-02-20,BEGUDA AVENA,1,0.95,0.95,38.76
2025-02-20,BÍF FRUITES SIL,1,1.23,1.23,38.76
2025-02-20,COLGATE ANTICARIES,2,1.95,3.9,38.76
2025-02-20,FORMATGE SANDWICH,1,1.31,1.31,38.76
2025-02-20,RAÏM VERMELLA SESE,1,2.61,2.61,38.76
2025-02-20,PA VIENA,2,0.4,0.8,38.76
2025-02-20,ARRÒS LLARG,1,1.41,1.41,38.76
2025-02-20,LLONZA COLL,1,4.87,4.87,38.76
2025-02-20,TOMÀQUET R. ARTESANA,1,1.5,1.5,38.76
2025-02-20,PÀRQUING,1,0.0,0.0,38.76
2025-02-21,BEGUDA AVENA,3,0.95,2.85,45.75
2025-02-21,BEBER F. BOSQUE,2,1.37,2.74,45.75
2025-02-21,LLET SENCERA,2,0.94,1.88,45.75
2025-02-21,BÍFIDUS MANGO,1,1.23,1.23,45.75
2025-02-21,BOSSES ES.CUBELL ALT,1,1.85,1.85,45.75
2025-02-21,PAPER HUMIT WC,2,1.55,3.1,45.75
2025-02-21,BÍFIDUS FIBRES I CER,1,1.23,1.23,45.75
2025-02-21,PERNIL SERRÀ SOBRE,1,4.1,4.1,45.75
2025-02-21,FILET,1,4.92,4.92,45.75
2025-02-21,FILET,1,5.08,5.08,45.75
2025-02-21,CEBA TUB,1,2.4,2.4,45.75
2025-02-21,CUIDACOL MADUIXA,1,2.46,2.46,45.75
2025-02-21,TOMÀQUET R. ARTESANA,1,1.5,1.5,45.75
2025-02-22,LLEIXIU NORMAL,1,0.8,0.8,21.06
2025-02-22,MELÓ ENVASAT,1,3.85,3.85,21.06
2025-02-22,FT MERLUZA ARGENTINA,1,4.9,4.9,21.06
2025-02-22,FESTUC NATURAL,1,2.74,2.74,21.06
2025-02-24,ROTLLE LLAR DOBLE,1,2.35,2.35,39.32
2025-02-24,BEBER F. BOSQUE,2,1.37,2.74,39.32
2025-02-24,RAÏM BLANC SESE PEP,1,2.71,2.71,39.32
2025-02-24,RAÏM VERMELLA SESE,1,2.77,2.77,39.32
2025-02-24,CAMAMILLA,1,0.55,0.55,39.32
2025-02-24,GARROFÓ,1,1.56,1.56,39.32
2025-02-24,PÈSOL FI,1,1.61,1.61,39.32
2025-02-24,BRAVAS,1,2.5,2.5,39.32
2025-02-28,BEBER F. BOSQUE,2,1.37,2.74,65.87
2025-02-28,RAÏM BLANC SESE PEP,1,2.86,2.86,65.87
2025-02-28,RAÏM VERMELLA SESE,1,2.8,2.8,65.87
2025-02-28,LLET SENCERA,3,0.94,2.82,65.87
2025-02-28,QUARTER POSTERIOR,1,4.76,4.76,65.87
2025-02-28,CERVESA VOLL-DAMM,2,1.02,2.04,65.87
2025-02-28,MINI BURGER MIXTA,1,2.65,2.65,65.87
2025-02-28,LLENTIA PARDINA,1,2.18,2.18,65.87
2025-02-28,BÍFIDUS FIBRES I CER,1,1.23,1.23,65.87
2025-02-28,BÍF FRUITES SIL,1,1.23,1.23,65.87
2025-02-28,PERNIL SERRÀ SOBRE,1,3.95,3.95,65.87
2025-02-28,FILET PIT,1,4.63,4.63,65.87
2025-02-28,TOMÀQUET R. ARTESANA,3,1.5,4.5,65.87
2025-02-28,ARRÒS LLARG,1,1.41,1.41,65.87
2025-02-28,BEGUDA AVENA,2,0.95,1.9,65.87
2025-02-28,HIGIÈNIC DOBLE ROTLL,1,4.7,4.7,65.87
2025-02-28,FESTUC NATURAL,1,2.74,2.74,65.87
2025-02-28,MELÓ ENVASAT,1,4.46,4.46,65.87
2025-02-28,PA DE FORMATGE,2,0.47,0.94,65.87
2025-03-01,DET. BLANCA I COLOR,1,5.65,5.65,29.95
2025-03-01,DETERGENT ROBA COLOR,1,4.4,4.4,29.95
2025-03-01,PAPER HUMIT WC,2,1.55,3.1,29.95
2025-03-01,CUIDACOL MADUIXA,1,2.46,2.46,29.95
2025-03-01,XAMPÚ REPARA I PROT.,1,3.55,3.55,29.95
2025-03-01,BÍFIDUS MANGO,1,1.23,1.23,29.95
2025-03-01,CAMAMILLA,1,0.55,0.55,29.95
2025-03-01,PORCIONES BAC,1,5.5,5.5,29.95
2025-03-01,PA VIENA,2,0.38,0.76,29.95
2025-03-04,GREC NATURAL,1,2.27,2.27,21.23
2025-03-04,BEBER F. BOSQUE,1,1.37,1.37,21.23
2025-03-04,BÍFIDUS NATURAL,1,1.18,1.18,21.23
2025-03-04,BEGUDA AVENA,2,0.95,1.9,21.23
2025-03-04,LLET SENCERA,2,0.94,1.88,21.23
2025-03-04,FILM TRANSPARENT,1,1.85,1.85,21.23
2025-03-04,ARRÒS LLARG,1,1.41,1.41,21.23
2025-03-04,PERNIL CUIT LF,1,2.05,2.05,21.23
2025-03-04,BRAVAS,1,2.5,2.5,21.23
2025-03-05,OLI VERGE EXTRA,1,16.65,16.65,35.5
2025-03-05,PA VIENA,2,0.38,0.76,35.5
2025-03-05,FLOCS DE CIVADA,1,1.35,1.35,35.5
2025-03-05,MELÓ ENVASAT,1,4.27,4.27,35.5
2025-03-07,ROTLLE LLAR DOBLE,1,2.35,2.35,68.4
2025-03-07,BEGUDA AVENA,2,0.95,1.9,68.4
2025-03-07,BEBER F. BOSQUE,1,1.37,1.37,68.4
2025-03-07,MIG SALMÓ,1,14.71,14.71,68.4
2025-03-07,MAGDALENA RODONA,1,1.9,1.9,68.4
2025-03-07,CONTRACUIXA DESOSSAD,1,5.23,5.23,68.4
2025-03-07,RAÏM VERMELLA SESE,1,2.82,2.82,68.4
2025-03-07,PERNIL CUIT LF,1,2.05,2.05,68.4
2025-03-07,CAMAMILLA,1,0.55,0.55,68.4
2025-03-07,PERNIL SERRÀ SOBRE,1,3.95,3.95,68.4
2025-03-07,FORMATGE TALLS LIGHT,1,2.36,2.36,68.4
2025-03-07,NOCILLA ORIGINAL,1,3.85,3.85,68.4
2025-03-07,MELÓ ENVASAT,1,5.26,5.26,68.4
2025-03-07,ARRÒS LLARG,1,1.41,1.41,68.4
2025-03-10,HIGIÈNIC DOBLE ROTLL,1,4.7,4.7,38.73
2025-03-10,SUAVITZANT DELICAT,1,1.9,1.9,38.73
2025-03-10,BEGUDA AVENA,2,0.95,1.9,38.73
2025-03-10,LLET SENCERA,2,0.94,1.88,38.73
2025-03-10,BÍFIDUS FIBRES I CER,1,1.23,1.23,38.73
2025-03-10,BÍFIDUS NATURAL,1,1.18,1.18,38.73
2025-03-10,LLONZA COLL,1,4.34,4.34,38.73
2025-03-10,RAÏM BLANC SESE PEP,1,2.58,2.58,38.73
2025-03-10,MINI BURGER MIXTA,1,2.65,2.65,38.73
2025-03-10,BRAVAS,1,2.5,2.5,38.73
2025-03-11,BOSSA PLÀSTIC,2,0.15,0.3,26.9
2025-03-11,PA VIENA,4,0.38,1.52,26.9
2025-03-11,VALENCIANA,1,2.4,2.4,26.9
2025-03-11,FORMATGE SANDWICH,1,1.35,1.35,26.9
2025-03-11,GEL AMB LLEIXIU,1,1.9,1.9,26.9
2025-03-11,MELMELADA MADUIXA,1,1.55,1.55,26.9
2025-03-11,FILTRES CAFÈ,1,1.95,1.95,26.9
2025-03-11,NAPOLITANA MIXTA,1,0.9,0.9,26.9
2025-03-11,CUIDACOL NATURAL,1,2.46,2.46,26.9
2025-03-11,PERNIL SERRÀ SOBRE,1,3.95,3.95,26.9
2025-03-11,NATILLES VAINILLA,1,1.05,1.05,26.9
2025-03-14,AIGUA,1,0.25,0.25,16.46
2025-03-14,BOSSA PLÀSTIC,2,0.15,0.3,16.46
2025-03-14,FILET,1,5.4,5.4,16.46
2025-03-14,ALBARIÑO P. ORANTES,1,6.0,6.0,16.46
2025-03-14,FILET,1,4.51,4.51,16.46
2025-03-14,ROTLLE LLAR DOBLE,1,2.35,2.35,79.09
2025-03-14,BEGUDA AVENA,2,0.95,1.9,79.09
2025-03-14,TOTAL ACTION ELIX.,2,1.35,2.7,79.09
2025-03-14,BEBER F. BOSQUE,2,1.37,2.74,79.09
2025-03-14,CAMAMILLA,1,0.55,0.55,79.09
2025-03-14,MELÓ ENVASAT,1,3.93,3.93,79.09
2025-03-14,MELÓ ENVASAT,1,4.71,4.71,79.09
2025-03-14,BÍFIDUS MANGO,1,1.23,1.23,79.09
2025-03-14,BÍFIDUS FIBRES I CER,1,1.23,1.23,79.09
2025-03-14,PA DE FORMATGE,2,0.47,0.94,79.09
2025-03-14,FILET DE PIT,1,5.48,5.48,79.09
2025-03-14,TOMÀQUET RAMALLET,1,3.65,3.65,79.09
2025-03-14,MOZZARELLA BUFALA,1,1.85,1.85,79.09
2025-03-14,FESTUC NATURAL,1,2.74,2.74,79.09
2025-03-14,FLOR. BROCOLI,2,1.58,3.16,79.09
2025-03-14,RAÏM VERMELLA SESE,1,2.67,2.67,79.09
2025-03-14,PERNIL SERRÀ SOBRE,1,3.95,3.95,79.09
2025-03-14,FORMATGE TALLS LIGHT,1,2.49,2.49,79.09
2025-03-14,FORMATGE RATLLAT POL,1,1.8,1.8,79.09
2025-03-14,RAÏM BLANC SESE PEP,1,2.84,2.84,79.09
2025-03-17,BEGUDA AVENA,2,0.95,1.9,27.68
2025-03-17,LLET SENCERA,2,0.94,1.88,27.68
2025-03-17,FAIRY ULTRA,1,3.95,3.95,27.68
2025-03-17,ANTICALÇ PISTOLA,1,1.6,1.6,27.68
2025-03-17,BEBER F. BOSQUE,1,1.37,1.37,27.68
2025-03-17,CAFÈ MÒLT NATURAL,2,2.35,4.7,27.68
2025-03-17,BÍFIDUS NATURAL,1,1.18,1.18,27.68
2025-03-21,BOSSA PLÀSTIC,1,0.15,0.15,4.18
2025-03-21,PA VIENA,2,0.38,0.76,4.18
2025-03-21,CERVESA VOLL-DAMM,2,1.02,2.04,4.18
2025-03-21,ALBARIÑO P. ORANTES,1,6.0,6.0,84.72
2025-03-21,BEBER F. BOSQUE,2,1.4,2.8,84.72
2025-03-21,CUIDACOL NATURAL,1,2.46,2.46,84.72
2025-03-21,COSTELLA XURRASCO,1,5.73,5.73,84.72
2025-03-21,FLOCS DE CIVADA,1,1.35,1.35,84.72
2025-03-21,ARRÒS LLARG,2,1.41,2.82,84.72
2025-03-21,BÍFIDUS FIBRES I CER,1,1.23,1.23,84.72
2025-03-21,BÍFIDUS NATURAL,1,1.18,1.18,84.72
2025-03-21,BEGUDA AVENA,2,0.95,1.9,84.72
2025-03-21,LLET SENCERA,2,0.94,1.88,84.72
2025-03-21,TOMÀQUET RAMALLET,1,3.94,3.94,84.72
2025-03-21,FORMATGE TALLS LIGHT,1,2.39,2.39,84.72
2025-03-21,FORMATGE SANDWICH,1,1.35,1.35,84.72
2025-03-21,PA DE FORMATGE,1,0.47,0.47,84.72
2025-03-21,DAUETS SALMÓ,1,3.8,3.8,84.72
2025-03-21,MINI BURG POLLASTRE,1,2.7,2.7,84.72
2025-03-21,PIT EXTRA T,1,4.7,4.7,84.72
2025-03-21,CEBA TUB,1,2.4,2.4,84.72
2025-03-21,TOMÀQUET R. ARTESANA,2,1.5,3.0,84.72
2025-03-21,RAÏM BLANC SESE PEP,1,2.65,2.65,84.72
2025-03-21,RAÏM VERMELLA SESE,1,2.85,2.85,84.72
2025-03-24,HIGIÈNIC DOBLE ROTLL,1,4.7,4.7,49.78
2025-03-24,PA VIENA,2,0.38,0.76,49.78
2025-03-24,VALENCIANA,1,2.4,2.4,49.78
2025-03-24,BÍFIDUS NATURAL,1,1.18,1.18,49.78
2025-03-24,BEBER F. BOSQUE,1,1.4,1.4,49.78
2025-03-24,MELMELADA GERD,1,2.45,2.45,49.78
2025-03-24,LLET SENCERA,2,0.94,1.88,49.78
2025-03-24,BEGUDA AVENA,2,0.95,1.9,49.78
2025-03-24,RAÏM BLANC SESE PEP,1,2.64,2.64,49.78
2025-03-24,ARRÒS LLARG,1,1.41,1.41,49.78
2025-03-24,BRAVAS,1,2.5,2.5,49.78
2025-03-24,GALL DINDI A DAUS,1,5.08,5.08,49.78
2025-03-24,CAMAMILLA,1,0.55,0.55,49.78
2025-03-24,TOMÀQUET R. ARTESANA,1,1.5,1.5,49.78
2025-03-24,PERNIL CUIT LF,1,2.05,2.05,49.78
2025-03-24,PÀRQUING,1,0.0,0.0,49.78
2025-03-28,LLET SENCERA,3,0.94,2.82,73.98
2025-03-28,BEGUDA AVENA,2,0.95,1.9,73.98
2025-03-28,BÍFIDUS MANGO,1,1.23,1.23,73.98
2025-03-28,BÍFIDUS FIBRES I CER,1,1.23,1.23,73.98
2025-03-28,CERVESA VOLL-DAMM,2,1.02,2.04,73.98
2025-03-28,GEL COCO,1,1.5,1.5,73.98
2025-03-28,PAPER HUMIT WC,2,1.55,3.1,73.98
2025-03-28,BEBER F. BOSQUE,1,1.4,1.4,73.98
2025-03-28,TOMÀQUET R. ARTESANA,1,1.5,1.5,73.98
2025-03-28,RAÏM VERMELLA SESE,1,2.67,2.67,73.98
2025-03-28,PERNIL CUIT LF,1,2.05,2.05,73.98
2025-03-28,FORMATGE TALLS LIGHT,1,2.29,2.29,73.98
2025-03-28,FILET PROVENÇAL,1,3.48,3.48,73.98
2025-03-28,RAÏM BLANC SESE PEP,1,2.88,2.88,73.98
2025-03-28,BURGER BOVÍ PORC,1,4.0,4.0,73.98
2025-03-28,FILET,1,5.22,5.22,73.98
2025-03-28,FILET,1,5.48,5.48,73.98
2025-03-28,FILET DE PIT,1,5.52,5.52,73.98
2025-03-28,FLOR. BROCOLI,2,1.58,3.16,73.98
2025-03-28,FESTUC NATURAL,1,2.74,2.74,73.98
2025-03-28,TOMÀQUET RAMALLET,1,3.33,3.33,73.98
2025-03-29,GEL COCO,3,1.5,4.5,28.68
2025-03-29,BEGUDA AVENA,1,0.95,0.95,28.68
2025-03-29,TOTAL ACTION ELIX.,1,1.35,1.35,28.68
2025-03-29,BOSSA PLÀSTIC,2,0.15,0.3,28.68
2025-03-29,INTERDENTAL EXT FINO,1,1.5,1.5,28.68
2025-03-29,FORMATGE RATLLAT PIZ,3,1.62,4.86,28.68
2025-03-29,BÍFIDUS NATURAL,1,1.18,1.18,28.68
2025-03-29,NOCILLA ORIGINAL,1,3.85,3.85,28.68
2025-03-29,MOZZARELLA BUFALA,1,1.85,1.85,28.68
