Fecha,Producto,Cantidad/Peso,Precio Unidad,Total,Mes_Compra,Categoria_Producto
2024-01-27,BROU CASOLÀ DE PEIX,1,1.15,1.15,1,CONSERVAS Y OTROS
2024-01-27,BOSSA PLÀSTIC,1,0.15,0.15,1,LIMPIEZA Y HOGAR
2024-01-27,FLOR. BROCOLI,1,1.52,1.52,1,FRUTA Y VERDURA
2024-01-27,CEBA TUB,1,1.85,1.85,1,FRUTA Y VERDURA
2024-01-27,ALLIOLI TERRINA,2,1.35,2.7,1,CHARCUTERÍA
2024-01-27,FLAN QUESO,1,2.0,2.0,1,LÁCTEOS Y HUEVOS
2024-01-27,PROT. NORMAL,1,1.85,1.85,1,CHARCUTERÍA
2024-01-27,SOPA POLLASTRE FIDEU,1,1.0,1.0,1,CONSERVAS Y OTROS
2024-01-27,PAPER HUMIT WC,3,1.55,4.65,1,LIMPIEZA Y HOGAR
2024-01-27,BLANQUEJADOR DENTIFR,1,3.95,3.95,1,LIMPIEZA Y HOGAR
2024-01-27,DESODORANT BOLA DOVE,1,2.15,2.15,1,LIMPIEZA Y HOGAR
2024-01-30,BEGUDA AVENA,2,0.95,1.9,1,BEBIDAS
2024-01-30,BOSSA PLÀSTIC,1,0.15,0.15,1,LIMPIEZA Y HOGAR
2024-01-30,BÍFIDUS CREMÓS COCO,1,1.3,1.3,1,LÁCTEOS Y HUEVOS
2024-01-30,BÍFIDUS FIBRES I CER,1,1.3,1.3,1,LÁCTEOS Y HUEVOS
2024-01-30,BÍFIDUS NATURAL,1,1.4,1.4,1,LÁCTEOS Y HUEVOS
2024-01-30,PATATES BRAVES ALLIO,1,2.5,2.5,1,BEBIDAS
2024-01-30,CRUNCHY CHICKEN,1,2.15,2.15,1,SNACKS Y GOLOSINAS
2024-02-01,BAGUET,1,0.55,0.55,2,PANADERÍA Y BOLLERÍA
2024-02-01,ROTLLE LLAR DOBLE,1,2.2,2.2,2,PANADERÍA Y BOLLERÍA
2024-02-01,PA HOT DOG,1,0.95,0.95,2,PANADERÍA Y BOLLERÍA
2024-02-01,RAÏM BLANC SENSE PEP,1,2.57,2.57,2,FRUTA Y VERDURA
2024-02-01,BEURE FRUITES BOSC,1,2.05,2.05,2,BEBIDAS
2024-02-01,RAÏM VERMELLA SENSE,1,2.84,2.84,2,FRUTA Y VERDURA
2024-02-01,BÍFIDUS FIBRES I CER,1,1.3,1.3,2,LÁCTEOS Y HUEVOS
2024-02-01,GNOCCHI QUESOS,1,1.91,1.91,2,PASTA Y ARROZ
2024-02-01,FORMATGE TALLS LIGHT,1,2.32,2.32,2,LÁCTEOS Y HUEVOS
2024-02-01,FORMATGE RATLLAT POL,1,1.64,1.64,2,LÁCTEOS Y HUEVOS
2024-02-01,CERVESA VOLL-DAMM,2,0.99,1.98,2,BEBIDAS
2024-02-01,TOMÀQUET R. ARTESANA,2,1.5,3.0,2,FRUTA Y VERDURA
2024-02-02,HIGIÈNIC DOBLE ROTLL,1,4.4,4.4,2,LIMPIEZA Y HOGAR
2024-02-02,CUIDACOL NATURAL,1,2.7,2.7,2,CUIDADO PERSONAL
2024-02-02,FLOCS DE CIVADA,1,0.95,0.95,2,FRUTA Y VERDURA
2024-02-02,BURGER BOVÍ PORC,1,3.78,3.78,2,OTROS
2024-02-02,BÍFIDUS FIBRES I CER,1,1.3,1.3,2,LÁCTEOS Y HUEVOS
2024-02-02,FESTUC NATURAL,1,2.64,2.64,2,SNACKS Y GOLOSINAS
2024-02-02,XAPATA VIDRE,1,0.35,0.35,2,PANADERÍA Y BOLLERÍA
2024-02-02,BOSSA PAPER,1,0.1,0.1,2,PANADERÍA Y BOLLERÍA
2024-02-02,LS PATATA PANADERA,1,2.5,2.5,2,FRUTA Y VERDURA
2024-02-02,CAFÉ G.AROMA MESCLA,1,3.45,3.45,2,OTROS
2024-02-03,BOSSA PLÀSTIC,1,0.15,0.15,2,LIMPIEZA Y HOGAR
2024-02-03,RAÏM VERMELLA SENSE,1,2.64,2.64,2,FRUTA Y VERDURA
2024-02-05,BAGUET,1,0.55,0.55,2,PANADERÍA Y BOLLERÍA
2024-02-05,BEGUDA AVENA,1,0.95,0.95,2,BEBIDAS
2024-02-05,LLET SENCERA,1,0.91,0.91,2,LÁCTEOS Y HUEVOS
2024-02-05,BÍFIDUS CREMÓS COCO,1,1.3,1.3,2,LÁCTEOS Y HUEVOS
2024-02-05,NUBI MALLOW,1,0.95,0.95,2,SNACKS Y GOLOSINAS
2024-02-05,BÍFIDUS FIBRES I CER,1,1.3,1.3,2,LÁCTEOS Y HUEVOS
2024-02-05,FUSILLI SENSE GLUTEN,1,2.0,2.0,2,BEBIDAS
2024-02-05,RAÏM BLANC SENSE PEP,1,2.43,2.43,2,FRUTA Y VERDURA
2024-02-05,FORMATGE TALLS LIGHT,1,2.32,2.32,2,LÁCTEOS Y HUEVOS
2024-02-06,PA HOT DOG,1,0.95,0.95,2,PANADERÍA Y BOLLERÍA
2024-02-06,MELÓ GRIPAU PARTIT,1,2.94,2.94,2,FRUTA Y VERDURA
2024-02-06,RAÏM VERMELLA SENSE,1,2.87,2.87,2,FRUTA Y VERDURA
2024-02-06,PATATES BRAVES ALLIO,1,2.5,2.5,2,BEBIDAS
2024-02-06,CACAUET FREGIT,1,1.3,1.3,2,SNACKS Y GOLOSINAS
2024-02-06,PERNIL SERRÀ SOBRE,1,4.1,4.1,2,CHARCUTERÍA
2024-02-06,FORMATGE TALLS LIGHT,1,2.36,2.36,2,LÁCTEOS Y HUEVOS
2024-02-09,BEURE FRUITES BOSC,2,2.05,4.1,2,BEBIDAS
2024-02-09,COSTELLA XURRASCO,1,5.89,5.89,2,BEBIDAS
2024-02-09,BÍFIDUS NATURAL,1,1.4,1.4,2,LÁCTEOS Y HUEVOS
2024-02-09,BÍFIDUS CREMÓS COCO,1,1.3,1.3,2,LÁCTEOS Y HUEVOS
2024-02-09,BÍFIDUS FIBRES I CER,1,1.3,1.3,2,LÁCTEOS Y HUEVOS
2024-02-09,BOSSA RÀFIA,1,0.65,0.65,2,OTROS
2024-02-09,LLENTIA PARDINA,1,2.1,2.1,2,PASTA Y ARROZ
2024-02-09,ARRÒS LLARG,1,1.3,1.3,2,PASTA Y ARROZ
2024-02-09,CANSALADA,1,2.02,2.02,2,CHARCUTERÍA
2024-02-09,F.TALLS EDAM TENDRE,1,2.0,2.0,2,BEBIDAS
2024-02-09,ARRÒS INTEGRAL,1,1.7,1.7,2,BEBIDAS
2024-02-09,CERVESA VOLL-DAMM,2,0.99,1.98,2,BEBIDAS
2024-02-09,TALL PIT FI,1,4.44,4.44,2,CHARCUTERÍA
2024-02-09,TALL PIT FI,1,5.07,5.07,2,CHARCUTERÍA
2024-02-09,CERVES.SHANDY LLAUNA,2,0.35,0.7,2,BEBIDAS
2024-02-09,TOMÀQUET R. ARTESANA,1,1.5,1.5,2,FRUTA Y VERDURA
2024-02-09,RAÏM BLANC SENSE PEP,1,2.68,2.68,2,FRUTA Y VERDURA
2024-02-09,LLET SENCERA,1,0.91,0.91,2,LÁCTEOS Y HUEVOS
2024-02-10,TAMPAX COMPAK SP,1,5.75,5.75,2,CUIDADO PERSONAL
2024-02-10,COMP. CLÀSSICA PLEG,1,1.18,1.18,2,CUIDADO PERSONAL
2024-02-10,COMP. CLÀSSICA NORM,1,1.13,1.13,2,CUIDADO PERSONAL
2024-02-10,FLAN QUESO,1,2.0,2.0,2,LÁCTEOS Y HUEVOS
2024-02-10,FLOCS DE CIVADA,1,0.95,0.95,2,FRUTA Y VERDURA
2024-02-10,PAPER HUMIT WC,2,1.55,3.1,2,LIMPIEZA Y HOGAR
2024-02-10,BEURE FRUITES BOSC,1,2.05,2.05,2,BEBIDAS
2024-02-10,CORS ROMANA,1,1.63,1.63,2,FRUTA Y VERDURA
2024-02-10,GREC NATURAL,1,2.45,2.45,2,LÁCTEOS Y HUEVOS
2024-02-10,NETEJADOR ESPONJÓS F,1,1.55,1.55,2,BEBIDAS
2024-02-10,GEL COCO,1,1.4,1.4,2,CUIDADO PERSONAL
2024-02-10,DET.LI.FRESCURA BLAU,1,3.5,3.5,2,LIMPIEZA Y HOGAR
2024-02-10,CAFÈ MÒLT FORT,1,2.95,2.95,2,BEBIDAS
2024-02-10,MELMELADA MADUIXA,1,1.55,1.55,2,OTROS
2024-02-10,XAMPÚ PURIFICADOR,1,3.55,3.55,2,LIMPIEZA Y HOGAR
2024-02-10,BÍFIDUS FIBRES I CER,1,1.3,1.3,2,LÁCTEOS Y HUEVOS
2024-02-10,GEL AMB LLEIXIU,1,1.9,1.9,2,LIMPIEZA Y HOGAR
2024-02-10,BEGUDA AVENA,2,0.95,1.9,2,BEBIDAS
2024-02-10,BATUT XOCOLATA PAQUE,1,1.5,1.5,2,OTROS
2024-02-10,RAÏM BLANC SENSE PEP,1,3.09,3.09,2,FRUTA Y VERDURA
2024-02-10,FESTUC NATURAL,2,2.64,5.28,2,SNACKS Y GOLOSINAS
2024-02-10,PRÉSSEC ALMÍV PAQUET,1,2.35,2.35,2,FRUTA Y VERDURA
2024-02-10,FORMATGE RATLLAT POL,1,1.64,1.64,2,LÁCTEOS Y HUEVOS
2024-02-10,ARRÒS INTEGRAL,1,1.7,1.7,2,BEBIDAS
2024-02-10,TOTAL ACTION ELIX.,1,1.35,1.35,2,OTROS
2024-02-10,VINAGRE BALSÀMIC,1,1.35,1.35,2,BEBIDAS
2024-02-19,BOSSA PLÀSTIC,1,0.15,0.15,2,LIMPIEZA Y HOGAR
2024-02-19,ARRÒS LLARG,1,1.3,1.3,2,PASTA Y ARROZ
2024-02-19,PA HOT DOG,1,0.95,0.95,2,PANADERÍA Y BOLLERÍA
2024-02-19,MELÓ GRIPAU PARTIT,1,3.92,3.92,2,FRUTA Y VERDURA
2024-02-19,FILET POLLASTRE,1,4.75,4.75,2,CHARCUTERÍA
2024-02-20,BAGUET,1,0.55,0.55,2,PANADERÍA Y BOLLERÍA
2024-02-20,BÍFIDUS FIBRES I CER,1,1.3,1.3,2,LÁCTEOS Y HUEVOS
2024-02-20,PA HOT DOG,1,0.95,0.95,2,PANADERÍA Y BOLLERÍA
2024-02-20,BOTIFARRA BLANCA,1,1.84,1.84,2,CHARCUTERÍA
2024-02-20,ROTI POLLASTRE,1,3.0,3.0,2,PLATOS PREPARADOS
2024-02-20,BÍFIDUS CREMÓS COCO,1,1.3,1.3,2,LÁCTEOS Y HUEVOS
2024-02-20,PERNIL CUIT LF,1,2.17,2.17,2,CHARCUTERÍA
2024-02-20,GNOCCHI QUESOS,1,2.0,2.0,2,PASTA Y ARROZ
2024-02-20,AS. HERBES PROVENÇAL,1,1.0,1.0,2,OTROS
2024-02-23,BAGUET,1,0.55,0.55,2,PANADERÍA Y BOLLERÍA
2024-02-23,PA HOT DOG,1,0.95,0.95,2,PANADERÍA Y BOLLERÍA
2024-02-23,BEURE FRUITES BOSC,1,2.05,2.05,2,BEBIDAS
2024-02-23,NOCILLA CHOCOLECHE,1,3.49,3.49,2,OTROS
2024-02-23,BÍFIDUS NATURAL,1,1.4,1.4,2,LÁCTEOS Y HUEVOS
2024-02-23,CERVESA VOLL-DAMM,2,0.99,1.98,2,BEBIDAS
2024-02-23,RAÏM VERMELLA SENSE,1,2.59,2.59,2,FRUTA Y VERDURA
2024-02-23,RAÏM BLANC SENSE PEP,1,2.37,2.37,2,FRUTA Y VERDURA
2024-02-23,FORMATGE TALLS LIGHT,1,2.23,2.23,2,LÁCTEOS Y HUEVOS
2024-02-23,LS PATATA PANADERA,1,2.5,2.5,2,FRUTA Y VERDURA
2024-02-24,HIGIÈNIC DOBLE ROTLL,1,4.4,4.4,2,LIMPIEZA Y HOGAR
2024-02-24,MOS SENSE GLUTEN,1,1.85,1.85,2,BEBIDAS
2024-02-24,ALBARIÑO P. ORANTES,1,6.0,6.0,2,BEBIDAS
2024-02-24,BEURE FRUITES BOSC,1,2.05,2.05,2,BEBIDAS
2024-02-24,TONYINA CLARA OLIV,1,5.25,5.25,2,CONSERVAS Y OTROS
2024-02-24,QUARTER POSTERIOR,1,5.5,5.5,2,BEBIDAS
2024-02-28,BAGUET,1,0.55,0.55,2,PANADERÍA Y BOLLERÍA
2024-02-28,BEGUDA AVENA,1,0.95,0.95,2,BEBIDAS
2024-02-28,LLET SENCERA,2,0.91,1.82,2,LÁCTEOS Y HUEVOS
2024-02-28,CACAUET FREGIT,1,1.3,1.3,2,SNACKS Y GOLOSINAS
2024-02-28,BLAT MORO FREGIT CRU,1,1.0,1.0,2,SNACKS Y GOLOSINAS
2024-02-28,FESTUC NATURAL,1,2.64,2.64,2,SNACKS Y GOLOSINAS
2024-02-28,RAÏM VERMELLA SENSE,1,2.76,2.76,2,FRUTA Y VERDURA
2024-02-28,FORMATGE RATLLAT POL,1,1.6,1.6,2,LÁCTEOS Y HUEVOS
2024-02-28,GNOCCHI QUESOS,1,2.0,2.0,2,PASTA Y ARROZ
2024-02-28,PÈSOL FI,1,1.6,1.6,2,CONSERVAS Y OTROS
2024-02-29,PATATES SERRANO,1,1.15,1.15,2,BEBIDAS
2024-02-29,GREC NATURAL,1,2.45,2.45,2,LÁCTEOS Y HUEVOS
2024-02-29,LACON FORN,2,2.19,4.38,2,CHARCUTERÍA
2024-02-29,ALES ADOBADES,1,3.53,3.53,2,CHARCUTERÍA
2024-02-29,LLET SENCERA,1,0.91,0.91,2,LÁCTEOS Y HUEVOS
2024-02-29,FORMATGE SEMI TALLAT,1,4.79,4.79,2,LÁCTEOS Y HUEVOS
2024-02-29,FORMATGE SEMI TALLAT,1,4.8,4.8,2,LÁCTEOS Y HUEVOS
2024-02-29,SALSA BRAVA,1,1.8,1.8,2,SALSAS Y ADEREZOS
2024-02-29,ALLIOLI TERRINA,1,1.35,1.35,2,CHARCUTERÍA
2024-02-29,FLOCS DE CIVADA,1,0.95,0.95,2,FRUTA Y VERDURA
2024-02-29,FUET ESPETEC EXTRA,1,2.57,2.57,2,CHARCUTERÍA
2024-02-29,BAGUET,1,0.55,0.55,2,PANADERÍA Y BOLLERÍA
2024-02-29,CARAMELS ÀCIDS,1,1.85,1.85,2,SNACKS Y GOLOSINAS
2024-02-29,CERVESA VOLL-DAMM,1,0.99,0.99,2,BEBIDAS
2024-02-29,PATATES BRAVES ALLIO,1,2.5,2.5,2,BEBIDAS
2024-02-29,CERVESA,1,7.92,7.92,2,BEBIDAS
2024-03-02,BARRA DE PA,1,0.48,0.48,3,PANADERÍA Y BOLLERÍA
2024-03-02,TOMÀQUET NATURAL RAT,1,1.39,1.39,3,FRUTA Y VERDURA
2024-03-02,MONGETA BLANCA CUITA,1,0.69,0.69,3,CONSERVAS Y OTROS
2024-03-02,GREC NATURAL,1,2.45,2.45,3,LÁCTEOS Y HUEVOS
2024-03-02,RAÏM BLANC SENSE PEP,1,2.95,2.95,3,FRUTA Y VERDURA
2024-03-02,RAÏM VERMELLA SENSE,1,2.76,2.76,3,FRUTA Y VERDURA
2024-03-02,MINIPANETS,1,1.25,1.25,3,PANADERÍA Y BOLLERÍA
2024-03-02,BURGER BOVÍ PORC,1,3.78,3.78,3,OTROS
2024-03-02,ROTI POLLASTRE,1,3.0,3.0,3,PLATOS PREPARADOS
2024-03-04,BEURE FRUITES BOSC,1,2.05,2.05,3,BEBIDAS
2024-03-04,PAPER HUMIT WC,2,1.55,3.1,3,LIMPIEZA Y HOGAR
2024-03-04,RAÏM BLANC SENSE PEP,1,2.54,2.54,3,FRUTA Y VERDURA
2024-03-04,BÍFIDUS FIBRES I CER,1,1.3,1.3,3,LÁCTEOS Y HUEVOS
2024-03-04,BOSSES ES.CUBELL ALT,1,1.85,1.85,3,LIMPIEZA Y HOGAR
2024-03-04,BEGUDA AVENA,1,0.95,0.95,3,BEBIDAS
2024-03-04,MELÓ GRIPAU PARTIT,1,4.3,4.3,3,FRUTA Y VERDURA
2024-03-04,DET.LI.FRESCURA BLAU,1,3.3,3.3,3,LIMPIEZA Y HOGAR
2024-03-04,LLET SENCERA,2,0.91,1.82,3,LÁCTEOS Y HUEVOS
2024-03-04,PA HOT DOG,1,0.95,0.95,3,PANADERÍA Y BOLLERÍA
2024-03-04,TOMÀQUET R. ARTESANA,1,1.65,1.65,3,FRUTA Y VERDURA
2024-03-04,BAGUET,1,0.55,0.55,3,PANADERÍA Y BOLLERÍA
2024-03-04,FUSILLI SENSE GLUTEN,1,1.95,1.95,3,BEBIDAS
2024-03-04,FORMATGE TALLS LIGHT,1,2.33,2.33,3,LÁCTEOS Y HUEVOS
2024-03-06,CUIDACOL NATURAL,1,2.6,2.6,3,CUIDADO PERSONAL
2024-03-06,BEGUDA AVENA,1,0.95,0.95,3,BEBIDAS
2024-03-06,LLET SENCERA,1,0.91,0.91,3,LÁCTEOS Y HUEVOS
2024-03-06,BÍF FRUITES SIL,1,1.3,1.3,3,BEBIDAS
2024-03-06,BATUT XOCOLATA PAQUE,1,1.5,1.5,3,OTROS
2024-03-06,GREC NATURAL,1,2.45,2.45,3,LÁCTEOS Y HUEVOS
2024-03-06,RAÏM VERMELLA SENSE,1,2.5,2.5,3,FRUTA Y VERDURA
2024-03-06,PERNIL S. EXTRA FI,1,2.45,2.45,3,CHARCUTERÍA
2024-03-06,FORMATGE TALLS LIGHT,1,2.47,2.47,3,LÁCTEOS Y HUEVOS
2024-03-06,BÍFIDUS NATURAL,1,1.35,1.35,3,LÁCTEOS Y HUEVOS
2024-03-06,FESTUC NATURAL,1,2.64,2.64,3,SNACKS Y GOLOSINAS
2024-03-06,MINI BURGER MIXTA,1,2.59,2.59,3,PANADERÍA Y BOLLERÍA
2024-03-06,PATATES BRAVES ALLIO,1,2.5,2.5,3,BEBIDAS
2024-03-06,ENSALADILLA,1,1.2,1.2,3,OTROS
2024-03-06,BEURE FRUITES BOSC,1,2.05,2.05,3,BEBIDAS
2024-03-06,BAGUET,1,0.55,0.55,3,PANADERÍA Y BOLLERÍA
2024-03-08,ROTLLE LLAR DOBLE,1,2.1,2.1,3,PANADERÍA Y BOLLERÍA
2024-03-08,VI RIOJA CRIANÇA,1,2.95,2.95,3,BEBIDAS
2024-03-08,CERVESA VOLL-DAMM,2,0.99,1.98,3,BEBIDAS
2024-03-08,TOMÀQUET R. ARTESANA,2,1.65,3.3,3,FRUTA Y VERDURA
2024-03-08,TOM. RECEPTA ARTESAN,1,2.4,2.4,3,FRUTA Y VERDURA
2024-03-08,LLONGANISSA POBLE,3,3.3,9.9,3,CHARCUTERÍA
2024-03-08,CERVESA,1,9.96,9.96,3,BEBIDAS
2024-03-08,PA HOT DOG,1,0.95,0.95,3,PANADERÍA Y BOLLERÍA
2024-03-08,ARRÒS INTEGRAL,1,1.7,1.7,3,BEBIDAS
2024-03-08,BAGUET,1,0.55,0.55,3,PANADERÍA Y BOLLERÍA
2024-03-08,BOVÍ DAUS ANOLL,1,7.1,7.1,3,CHARCUTERÍA
2024-03-08,BOVÍ DAUS ANOLL,1,7.6,7.6,3,CHARCUTERÍA
2024-03-08,MELMELADA MADUIXA,1,1.55,1.55,3,OTROS
2024-03-08,ARRÒS LLARG,1,1.3,1.3,3,PASTA Y ARROZ
2024-03-08,TOMÀQUET RAMALLET,1,3.6,3.6,3,FRUTA Y VERDURA
2024-03-08,GREC NATURAL,1,2.45,2.45,3,LÁCTEOS Y HUEVOS
2024-03-08,RAÏM BLANC SENSE PEP,1,3.47,3.47,3,FRUTA Y VERDURA
2024-03-08,BEGUDA AVENA,2,0.95,1.9,3,BEBIDAS
2024-03-08,TOMÀQUET TRITURAT,1,0.72,0.72,3,FRUTA Y VERDURA
2024-03-08,RAÏM VERMELLA SENSE,1,2.54,2.54,3,FRUTA Y VERDURA
2024-03-09,HIGIÈNIC DOBLE ROTLL,1,4.4,4.4,3,LIMPIEZA Y HOGAR
2024-03-09,BÍFIDUS FIBRES I CER,1,1.3,1.3,3,LÁCTEOS Y HUEVOS
2024-03-09,BÍF FRUITES SIL,1,1.3,1.3,3,BEBIDAS
2024-03-09,BÍFIDUS NATURAL,1,1.35,1.35,3,LÁCTEOS Y HUEVOS
2024-03-09,OLI VERGE,1,28.5,28.5,3,CONSERVAS Y OTROS
2024-03-09,COLGATE ANTICARIES,1,1.95,1.95,3,BEBIDAS
2024-03-09,TONYINA CLARA OLIV,1,5.25,5.25,3,CONSERVAS Y OTROS
2024-03-09,CERVESA,6,0.85,5.1,3,BEBIDAS
2024-03-09,CAMAMILLA,1,0.55,0.55,3,OTROS
2024-03-09,ALBARIÑO P. ORANTES,1,6.0,6.0,3,BEBIDAS
2024-03-09,PERNIL SERRÀ SOBRE,1,4.1,4.1,3,CHARCUTERÍA
2024-03-09,ALES PARTIDES CERT,1,4.74,4.74,3,CHARCUTERÍA
2024-03-09,SAL FINA,1,0.35,0.35,3,OTROS
2024-03-09,NATA ESPRAI,1,1.5,1.5,3,LÁCTEOS Y HUEVOS
2024-03-11,BEGUDA AVENA,1,0.95,0.95,3,BEBIDAS
2024-03-11,BURGER BOVÍ PORC,1,3.78,3.78,3,OTROS
2024-03-11,OLIVA AMANIDA,1,1.85,1.85,3,CONSERVAS Y OTROS
2024-03-11,MOS SENSE GLUTEN,1,1.85,1.85,3,BEBIDAS
2024-03-11,FLOCS DE CIVADA,1,0.95,0.95,3,FRUTA Y VERDURA
2024-03-11,PATATES BRAVES ALLIO,1,2.5,2.5,3,BEBIDAS
2024-03-11,PA HOT DOG,1,0.95,0.95,3,PANADERÍA Y BOLLERÍA
2024-03-11,RAÏM BLANC SENSE PEP,1,2.15,2.15,3,FRUTA Y VERDURA
2024-03-11,FORMATGE TALLS LIGHT,1,2.35,2.35,3,LÁCTEOS Y HUEVOS
2024-03-11,BEURE FRUITES BOSC,1,2.05,2.05,3,BEBIDAS
2024-03-11,BAGUET,1,0.55,0.55,3,PANADERÍA Y BOLLERÍA
2024-03-13,FORMATGE TALLS LIGHT,1,2.31,2.31,3,LÁCTEOS Y HUEVOS
2024-03-13,BAGUET,1,0.55,0.55,3,PANADERÍA Y BOLLERÍA
2024-03-13,BIFRUITES TROPICAL,1,2.49,2.49,3,BEBIDAS
2024-03-13,RAÏM VERMELLA SENSE,1,2.56,2.56,3,FRUTA Y VERDURA
2024-03-13,PAPER HUMIT WC,2,1.55,3.1,3,LIMPIEZA Y HOGAR
2024-03-13,GREC NATURAL,1,2.45,2.45,3,LÁCTEOS Y HUEVOS
2024-03-13,BÍFIDUS FIBRES I CER,1,1.3,1.3,3,LÁCTEOS Y HUEVOS
2024-03-13,MELÓ GRIPAU PARTIT,1,4.6,4.6,3,FRUTA Y VERDURA
2024-03-13,TONYINA CLARA OLIV,1,5.45,5.45,3,CONSERVAS Y OTROS
2024-03-15,PA HOT DOG,1,0.95,0.95,3,PANADERÍA Y BOLLERÍA
2024-03-15,CAMAMILLA,1,0.55,0.55,3,OTROS
2024-03-15,BAGUET,1,0.55,0.55,3,PANADERÍA Y BOLLERÍA
2024-03-15,CEBA TUB,1,2.39,2.39,3,FRUTA Y VERDURA
2024-03-15,BEURE FRUITES BOSC,1,2.05,2.05,3,BEBIDAS
2024-03-15,GREC NATURAL,1,2.45,2.45,3,LÁCTEOS Y HUEVOS
2024-03-15,RAÏM VERMELLA SENSE,1,2.44,2.44,3,FRUTA Y VERDURA
2024-03-15,COSTELLA XURRASCO,1,4.27,4.27,3,BEBIDAS
2024-03-15,BÍFIDUS CREMÓS COCO,1,1.3,1.3,3,LÁCTEOS Y HUEVOS
2024-03-15,RAÏM BLANC SENSE PEP,1,3.23,3.23,3,FRUTA Y VERDURA
2024-03-15,BÍFIDUS FIBRES I CER,1,1.3,1.3,3,LÁCTEOS Y HUEVOS
2024-03-15,COPA XOCOLATA I NATA,1,1.3,1.3,3,LÁCTEOS Y HUEVOS
2024-03-15,CERVESA VOLL-DAMM,2,0.99,1.98,3,BEBIDAS
2024-03-15,LS PATATA PANADERA,1,2.5,2.5,3,FRUTA Y VERDURA
2024-03-15,TOMÀQUET RAMALLET,1,3.71,3.71,3,FRUTA Y VERDURA
2024-03-16,BROU CASOLÀ DE PEIX,2,1.1,2.2,3,CONSERVAS Y OTROS
2024-03-16,ALLIOLI TERRINA,2,1.35,2.7,3,CHARCUTERÍA
2024-03-16,NATA ESPRAI,1,1.5,1.5,3,LÁCTEOS Y HUEVOS
2024-03-16,LLENTIA PARDINA,1,2.1,2.1,3,PASTA Y ARROZ
2024-03-16,ARRÒS LLARG,1,1.3,1.3,3,PASTA Y ARROZ
2024-03-20,ROTLLE LLAR DOBLE,1,2.1,2.1,3,PANADERÍA Y BOLLERÍA
2024-03-20,BAGUET,1,0.55,0.55,3,PANADERÍA Y BOLLERÍA
2024-03-20,PA HOT DOG,1,0.95,0.95,3,PANADERÍA Y BOLLERÍA
2024-03-20,LLET SENCERA,3,0.91,2.73,3,LÁCTEOS Y HUEVOS
2024-03-20,BÍFIDUS NATURAL,1,1.35,1.35,3,LÁCTEOS Y HUEVOS
2024-03-20,BEGUDA AVENA,1,0.95,0.95,3,BEBIDAS
2024-03-20,RAÏM VERMELLA SENSE,1,2.45,2.45,3,FRUTA Y VERDURA
2024-03-20,GNOCCHI QUESOS,1,2.0,2.0,3,PASTA Y ARROZ
2024-03-20,FORMATGE TALLS LIGHT,1,2.28,2.28,3,LÁCTEOS Y HUEVOS
2024-03-20,FILET PROVENÇAL,1,3.53,3.53,3,CHARCUTERÍA
2024-03-20,MEDALLONS GALL DINDI,1,3.97,3.97,3,OTROS
2024-03-20,BATUT XOCOLATA PAQUE,1,1.5,1.5,3,OTROS
2024-03-22,COLGATE ANTICARIES,1,1.95,1.95,3,BEBIDAS
2024-03-22,CAMAMILLA,1,0.55,0.55,3,OTROS
2024-03-22,PAPER HUMIT WC,2,1.55,3.1,3,LIMPIEZA Y HOGAR
2024-03-22,BEGUDA AVENA,2,0.95,1.9,3,BEBIDAS
2024-03-22,FLOCS DE CIVADA,1,0.95,0.95,3,FRUTA Y VERDURA
2024-03-22,HIGIÈNIC DOBLE ROTLL,1,4.4,4.4,3,LIMPIEZA Y HOGAR
2024-03-22,ARRÒS LLARG,1,1.3,1.3,3,PASTA Y ARROZ
2024-03-22,GREC NATURAL,1,2.45,2.45,3,LÁCTEOS Y HUEVOS
2024-03-22,RAÏM BLANC SENSE PEP,1,2.68,2.68,3,FRUTA Y VERDURA
2024-03-22,FORMATGE TALLS LIGHT,1,2.33,2.33,3,LÁCTEOS Y HUEVOS
2024-03-22,CUIDACOL NATURAL,1,2.6,2.6,3,CUIDADO PERSONAL
2024-03-22,TOMÀQUET R. ARTESANA,1,1.65,1.65,3,FRUTA Y VERDURA
2024-03-23,CAFÈ MÒLT NATURAL,1,3.65,3.65,3,BEBIDAS
2024-03-23,FILTRES CAFÈ,1,1.95,1.95,3,BEBIDAS
2024-03-23,BOSSA PAPER,1,0.1,0.1,3,PANADERÍA Y BOLLERÍA
2024-03-23,ENSALADILLA,2,1.2,2.4,3,OTROS
2024-03-23,PA HOT DOG,1,0.95,0.95,3,PANADERÍA Y BOLLERÍA
2024-03-23,CERVESA,1,8.76,8.76,3,BEBIDAS
2024-03-23,OLI DE GIRA-SOL,1,1.45,1.45,3,CONSERVAS Y OTROS
2024-03-23,CERVESA VOLL-DAMM,2,0.99,1.98,3,BEBIDAS
2024-03-23,BÍF FRUITES SIL,1,1.3,1.3,3,BEBIDAS
2024-03-23,QUARTER POSTERIOR,1,4.28,4.28,3,BEBIDAS
2024-03-23,FILET PIT,1,3.7,3.7,3,CHARCUTERÍA
2024-03-23,QUARTER POSTERIOR,1,4.48,4.48,3,BEBIDAS
2024-03-25,GREC NATURAL,1,2.45,2.45,3,LÁCTEOS Y HUEVOS
2024-03-25,PA HOT DOG,1,0.95,0.95,3,PANADERÍA Y BOLLERÍA
2024-03-25,BOSSA PLÀSTIC,1,0.15,0.15,3,LIMPIEZA Y HOGAR
2024-03-25,BEURE FRUITES BOSC,1,2.05,2.05,3,BEBIDAS
2024-03-25,RAÏM BLANC SENSE PEP,1,1.99,1.99,3,FRUTA Y VERDURA
2024-03-25,BAGUET,1,0.55,0.55,3,PANADERÍA Y BOLLERÍA
2024-03-25,ANELLES BLAT DE MORO,1,0.85,0.85,3,PASTA Y ARROZ
2024-03-25,PATATA FORM. CURAT,1,1.15,1.15,3,FRUTA Y VERDURA
2024-03-25,PULPIS MIX,1,1.6,1.6,3,CONSERVAS Y OTROS
2024-03-25,SOBRASSADA SELECTA,1,1.85,1.85,3,CHARCUTERÍA
2024-03-25,ROTLLE CABRA,1,2.35,2.35,3,PANADERÍA Y BOLLERÍA
2024-03-27,BAGUET,2,0.55,1.1,3,PANADERÍA Y BOLLERÍA
2024-03-27,BOSSA PLÀSTIC,1,0.15,0.15,3,LIMPIEZA Y HOGAR
2024-03-27,BÍFIDUS FIBRES I CER,1,1.3,1.3,3,LÁCTEOS Y HUEVOS
2024-03-27,PA HOT DOG,2,0.95,1.9,3,PANADERÍA Y BOLLERÍA
2024-03-27,BEURE FRUITES BOSC,1,2.05,2.05,3,BEBIDAS
2024-03-30,PA HOT DOG,2,0.95,1.9,3,PANADERÍA Y BOLLERÍA
2024-03-30,XAMPÚ REPARA I PROT.,1,3.55,3.55,3,CHARCUTERÍA
2024-03-30,GEL COCO,1,1.4,1.4,3,CUIDADO PERSONAL
2024-03-30,ROTLLE LLAR DOBLE,1,2.1,2.1,3,PANADERÍA Y BOLLERÍA
2024-03-30,BEGUDA AVENA,2,0.95,1.9,3,BEBIDAS
2024-03-30,FLOCS DE CIVADA,1,0.95,0.95,3,FRUTA Y VERDURA
2024-03-30,GREC NATURAL,1,2.45,2.45,3,LÁCTEOS Y HUEVOS
2024-03-30,BÍFIDUS NATURAL,1,1.35,1.35,3,LÁCTEOS Y HUEVOS
2024-03-30,BATUT XOCOLATA PAQUE,1,1.5,1.5,3,OTROS
2024-03-30,LLET SENCERA,2,0.91,1.82,3,LÁCTEOS Y HUEVOS
2024-03-30,CERVES.SHANDY LLAUNA,3,0.35,1.05,3,BEBIDAS
2024-03-30,CERVESA,3,0.85,2.55,3,BEBIDAS
2024-03-30,POWERADE ICE STORM,2,1.52,3.04,3,BEBIDAS
2024-03-30,BÍFIDUS FIBRES I CER,1,1.3,1.3,3,LÁCTEOS Y HUEVOS
2024-03-30,BÍF FRUITES SIL,1,1.3,1.3,3,BEBIDAS
2024-03-30,COSTELLA XURRASCO,1,3.9,3.9,3,BEBIDAS
2024-03-30,COPA XOCOLATA I NATA,1,1.3,1.3,3,LÁCTEOS Y HUEVOS
2024-03-30,CANSALADA,1,2.02,2.02,3,CHARCUTERÍA
2024-03-30,FESTUC NATURAL,1,2.64,2.64,3,SNACKS Y GOLOSINAS
2024-03-30,CANSALADA VIADA,1,2.25,2.25,3,CHARCUTERÍA
2024-03-30,F.TALLS EDAM TENDRE,3,2.0,6.0,3,BEBIDAS
2024-03-30,RAÏM BLANC SENSE PEP,1,2.57,2.57,3,FRUTA Y VERDURA
2024-03-30,TALL PIT FI,1,5.0,5.0,3,CHARCUTERÍA
2024-03-30,TALL PIT FI,1,5.26,5.26,3,CHARCUTERÍA
2024-03-30,FORMATGE TALLS LIGHT,1,2.28,2.28,3,LÁCTEOS Y HUEVOS
2024-03-30,RAÏM BLANC SENSE PEP,1,2.56,2.56,3,FRUTA Y VERDURA
2024-04-03,BOSSA PAPER,1,0.1,0.1,4,PANADERÍA Y BOLLERÍA
2024-04-03,BAGUET,1,0.55,0.55,4,PANADERÍA Y BOLLERÍA
2024-04-03,LS PATATA PANADERA,1,2.5,2.5,4,FRUTA Y VERDURA
2024-04-03,AQUARIUS LLIM FRED,1,1.5,1.5,4,BEBIDAS
2024-04-04,SALSA CARBONARA,1,1.55,1.55,4,SALSAS Y ADEREZOS
2024-04-04,CERVESA VOLL-DAMM,2,0.99,1.98,4,BEBIDAS
2024-04-04,BOSSA PLÀSTIC,1,0.15,0.15,4,LIMPIEZA Y HOGAR
2024-04-04,BAGUET,1,0.55,0.55,4,PANADERÍA Y BOLLERÍA
2024-04-04,FORMATGE RATLLAT POL,1,1.6,1.6,4,LÁCTEOS Y HUEVOS
2024-04-04,GNOCCHI QUESOS,1,2.0,2.0,4,PASTA Y ARROZ
2024-04-19,PA HOT DOG,1,0.95,0.95,4,PANADERÍA Y BOLLERÍA
2024-04-19,HIGIÈNIC DOBLE ROTLL,1,4.4,4.4,4,LIMPIEZA Y HOGAR
2024-04-19,BEGUDA AVENA,2,0.95,1.9,4,BEBIDAS
2024-04-19,BEURE FRUITES BOSC,1,2.05,2.05,4,BEBIDAS
2024-04-19,PAPER HUMIT WC,2,1.55,3.1,4,LIMPIEZA Y HOGAR
2024-04-19,PATATES SERRANO,1,1.15,1.15,4,BEBIDAS
2024-04-19,BÍFIDUS NATURAL,1,1.35,1.35,4,LÁCTEOS Y HUEVOS
2024-04-19,BAGUET,1,0.55,0.55,4,PANADERÍA Y BOLLERÍA
2024-04-19,LLET SENCERA,3,0.91,2.73,4,LÁCTEOS Y HUEVOS
2024-04-19,TONYINA CLARA OLIV,1,5.45,5.45,4,CONSERVAS Y OTROS
2024-04-19,ARRÒS LLARG,1,1.35,1.35,4,PASTA Y ARROZ
2024-04-19,BATUT XOCOLATA PAQUE,1,1.5,1.5,4,OTROS
2024-04-19,FLOCS DE CIVADA,1,0.9,0.9,4,FRUTA Y VERDURA
2024-04-19,PATATES BRAVES ALLIO,1,2.5,2.5,4,BEBIDAS
2024-04-19,GNOCCHI QUESOS,1,2.0,2.0,4,PASTA Y ARROZ
2024-04-19,FORMATGE TALLS LIGHT,1,2.15,2.15,4,LÁCTEOS Y HUEVOS
2024-04-19,LLONGANISSA POBLE,1,3.3,3.3,4,CHARCUTERÍA
2024-04-19,MELÓ GRIPAU PARTIT,1,5.02,5.02,4,FRUTA Y VERDURA
2024-04-19,TOMÀQUET R. ARTESANA,1,1.65,1.65,4,FRUTA Y VERDURA
2024-04-19,CERVESA VOLL-DAMM,2,0.99,1.98,4,BEBIDAS
2024-04-19,FESTUC NATURAL,1,2.64,2.64,4,SNACKS Y GOLOSINAS
2024-04-19,RAÏM VERMELLA SENSE,1,2.42,2.42,4,FRUTA Y VERDURA
2024-04-19,RAÏM BLANC SENSE PEP,1,2.72,2.72,4,FRUTA Y VERDURA
2024-04-22,FUSILLI SENSE GLUTEN,1,1.95,1.95,4,BEBIDAS
2024-04-22,MAGDALENA SUCRE,1,2.9,2.9,4,OTROS
2024-04-22,BÍFIDUS FIBRES I CER,1,1.3,1.3,4,LÁCTEOS Y HUEVOS
2024-04-22,RAÏM BLANC SENSE PEP,1,2.45,2.45,4,FRUTA Y VERDURA
2024-04-22,GREC NATURAL,1,2.45,2.45,4,LÁCTEOS Y HUEVOS
2024-04-22,CUIDACOL NATURAL,1,2.6,2.6,4,CUIDADO PERSONAL
2024-04-25,BÍFIDUS FIBRES I CER,1,1.3,1.3,4,LÁCTEOS Y HUEVOS
2024-04-25,BÍFIDUS NATURAL,1,1.35,1.35,4,LÁCTEOS Y HUEVOS
2024-04-25,BAGUET,1,0.55,0.55,4,PANADERÍA Y BOLLERÍA
2024-04-25,GREC NATURAL,1,2.45,2.45,4,LÁCTEOS Y HUEVOS
2024-04-25,FORMATGE RATLLAT POL,1,1.6,1.6,4,LÁCTEOS Y HUEVOS
2024-04-25,PATATES BRAVES ALLIO,1,2.5,2.5,4,BEBIDAS
2024-04-25,RAÏM VERMELLA SENSE,1,2.72,2.72,4,FRUTA Y VERDURA
2024-04-25,LLET SENCERA,1,0.91,0.91,4,LÁCTEOS Y HUEVOS
2024-04-25,PA HOT DOG,1,0.95,0.95,4,PANADERÍA Y BOLLERÍA
2024-04-26,FLOCS DE CIVADA,1,0.9,0.9,4,FRUTA Y VERDURA
2024-04-26,BÍFIDUS FIBRES I CER,1,1.3,1.3,4,LÁCTEOS Y HUEVOS
2024-04-26,PATATES FREGIDES SAL,1,1.99,1.99,4,BEBIDAS
2024-04-26,BEURE FRUITES BOSC,1,2.05,2.05,4,BEBIDAS
2024-04-26,NATA ESPRAI,1,1.5,1.5,4,LÁCTEOS Y HUEVOS
2024-04-26,PATATES SERRANO,1,1.15,1.15,4,BEBIDAS
2024-04-26,CERVESA VOLL-DAMM,1,0.99,0.99,4,BEBIDAS
2024-04-26,MINIPANETS,2,1.25,2.5,4,PANADERÍA Y BOLLERÍA
2024-04-26,CERVESA,1,8.76,8.76,4,BEBIDAS
2024-04-26,FORMATGE TALLS LIGHT,1,2.39,2.39,4,LÁCTEOS Y HUEVOS
2024-04-26,MINI BURGER MIXTA,2,2.59,5.18,4,PANADERÍA Y BOLLERÍA
2024-04-26,PORROS,1,1.8,1.8,4,FRUTA Y VERDURA
2024-04-26,SOBRASSADA IBÈRICA,1,2.25,2.25,4,CHARCUTERÍA
2024-04-26,FUET ESPETEC EXTRA,1,2.57,2.57,4,CHARCUTERÍA
2024-04-26,ICEBERG,1,0.99,0.99,4,FRUTA Y VERDURA
2024-04-26,MELÓ GRIPAU PARTIT,1,3.68,3.68,4,FRUTA Y VERDURA
2024-04-26,CHEETOS PELOTAZOS,1,1.89,1.89,4,SNACKS Y GOLOSINAS
2024-04-26,RULÓ CABRA,1,3.07,3.07,4,CHARCUTERÍA
2024-04-26,PINYA PELADA NATURAL,1,3.64,3.64,4,FRUTA Y VERDURA
2024-04-26,PALETS DE CRANC,1,2.35,2.35,4,SNACKS Y GOLOSINAS
2024-04-26,TONYINA CLARA OLIV,1,5.45,5.45,4,CONSERVAS Y OTROS
2024-04-26,RAÏM BLANC SENSE PEP,1,2.58,2.58,4,FRUTA Y VERDURA
2024-04-27,PA HOT DOG,2,0.95,1.9,4,PANADERÍA Y BOLLERÍA
2024-04-27,ROTLLE LLAR DOBLE,1,2.1,2.1,4,PANADERÍA Y BOLLERÍA
2024-04-27,BEGUDA AVENA,2,0.95,1.9,4,BEBIDAS
2024-04-27,CERVES.SHANDY LLAUNA,3,0.35,1.05,4,BEBIDAS
2024-04-27,BOSSES ES.CUBELL ALT,1,1.85,1.85,4,LIMPIEZA Y HOGAR
2024-04-27,LLET SENCERA,2,0.91,1.82,4,LÁCTEOS Y HUEVOS
2024-04-27,CERVESA,1,8.76,8.76,4,BEBIDAS
2024-04-27,ALLIOLI TERRINA,1,1.35,1.35,4,CHARCUTERÍA
2024-04-27,MOS SENSE GLUTEN,1,1.85,1.85,4,BEBIDAS
2024-04-27,F.TALLS EDAM TENDRE,3,2.0,6.0,4,BEBIDAS
2024-04-27,MAXI HAMBURGUESA,1,0.9,0.9,4,PLATOS PREPARADOS
2024-04-27,BURGER PERNIL CEBA,1,2.5,2.5,4,FRUTA Y VERDURA
2024-04-27,BURGER BOVÍ PORC,1,3.78,3.78,4,OTROS
2024-04-27,TALL PIT FI,1,4.4,4.4,4,CHARCUTERÍA
2024-04-27,TALL PIT FI,1,3.84,3.84,4,CHARCUTERÍA
2024-04-27,PIZZA CARBONARA,1,3.4,3.4,4,PLATOS PREPARADOS
2024-04-27,PIZZA TONYINA-CANSAL,1,2.9,2.9,4,CONSERVAS Y OTROS
2024-04-27,CANSALADA,2,2.02,4.04,4,CHARCUTERÍA
2024-04-27,CARAMEL EUCALIPTUS,1,1.95,1.95,4,OTROS
2024-04-27,CARAMEL REGALÈSIA,1,1.95,1.95,4,OTROS
2024-04-27,GREC NATURAL,1,2.45,2.45,4,LÁCTEOS Y HUEVOS
2024-04-27,CEBA TUB,1,2.39,2.39,4,FRUTA Y VERDURA
2024-04-29,HIGIÈNIC DOBLE ROTLL,1,4.4,4.4,4,LIMPIEZA Y HOGAR
2024-04-29,LLET SENCERA,2,0.91,1.82,4,LÁCTEOS Y HUEVOS
2024-04-29,BAGUET,1,0.55,0.55,4,PANADERÍA Y BOLLERÍA
2024-04-29,COPA XOCOLATA I NATA,1,1.3,1.3,4,LÁCTEOS Y HUEVOS
2024-04-29,RAÏM BLANC SENSE PEP,1,2.56,2.56,4,FRUTA Y VERDURA
2024-04-29,FORMATGE TALLS LIGHT,1,2.32,2.32,4,LÁCTEOS Y HUEVOS
2024-05-03,VI NEGRE RIOJA,1,2.45,2.45,5,BEBIDAS
2024-05-03,PERA CONFERÉNCIA,1,1.5,2.82,5,FRUTA Y VERDURA
2024-05-03,BOSSA PLÀSTIC,1,0.15,0.15,5,LIMPIEZA Y HOGAR
2024-05-04,ROTLLE LLAR DOBLE,1,2.1,2.1,5,PANADERÍA Y BOLLERÍA
2024-05-04,ENSALADILLA,1,1.3,1.3,5,OTROS
2024-05-04,PAPER ALUMINI,1,2.05,2.05,5,LIMPIEZA Y HOGAR
2024-05-04,DET.LI.FRESCURA BLAU,1,3.3,3.3,5,LIMPIEZA Y HOGAR
2024-05-04,BLANQUEJADOR DENTIFR,2,3.95,7.9,5,LIMPIEZA Y HOGAR
2024-05-07,BAGUET,1,0.55,0.55,5,PANADERÍA Y BOLLERÍA
2024-05-07,BÍFIDUS NATURAL,1,1.35,1.35,5,LÁCTEOS Y HUEVOS
2024-05-07,PIT EXTRA T,1,3.96,3.96,5,CHARCUTERÍA
2024-05-07,BEURE FRUITES BOSC,1,2.05,2.05,5,BEBIDAS
2024-05-07,GREC NATURAL,1,2.45,2.45,5,LÁCTEOS Y HUEVOS
2024-05-07,CREMA CATALANA,1,2.6,2.6,5,PLATOS PREPARADOS
2024-05-07,CUIDACOL NATURAL,1,2.6,2.6,5,CUIDADO PERSONAL
2024-05-07,RAÏM BLANC SENSE PEP,1,2.5,2.5,5,FRUTA Y VERDURA
2024-05-07,RAÏM VERMELLA SENSE,1,2.61,2.61,5,FRUTA Y VERDURA
2024-05-07,ANELLES BLAT DE MORO,1,0.85,0.85,5,PASTA Y ARROZ
2024-05-07,PUNTES SENSE GLUTEN,1,1.5,1.5,5,BEBIDAS
2024-05-09,BAGUET,1,0.55,0.55,5,PANADERÍA Y BOLLERÍA
2024-05-09,BEURE FRUITES BOSC,1,2.05,2.05,5,BEBIDAS
2024-05-09,LLET SENCERA,1,0.91,0.91,5,LÁCTEOS Y HUEVOS
2024-05-09,TOTAL ACTION ELIX.,2,1.35,2.7,5,OTROS
2024-05-09,BÍFIDUS NATURAL,1,1.35,1.35,5,LÁCTEOS Y HUEVOS
2024-05-09,BEGUDA AVENA,1,0.95,0.95,5,BEBIDAS
2024-05-09,PÈSOL FI,1,1.6,1.6,5,CONSERVAS Y OTROS
2024-05-09,DESODORANT BOLA DOVE,1,2.15,2.15,5,LIMPIEZA Y HOGAR
2024-05-10,HIGIÈNIC DOBLE ROTLL,1,4.4,4.4,5,LIMPIEZA Y HOGAR
2024-05-10,GEL COCO,1,1.4,1.4,5,CUIDADO PERSONAL
2024-05-10,LLET SENCERA,2,0.91,1.82,5,LÁCTEOS Y HUEVOS
2024-05-10,BEGUDA AVENA,1,0.95,0.95,5,BEBIDAS
2024-05-10,CAMAMILLA,1,0.55,0.55,5,OTROS
2024-05-10,FLOCS DE CIVADA,1,0.9,0.9,5,FRUTA Y VERDURA
2024-05-10,BÍFIDUS FIBRES I CER,1,1.3,1.3,5,LÁCTEOS Y HUEVOS
2024-05-10,GREC NATURAL,1,2.45,2.45,5,LÁCTEOS Y HUEVOS
2024-05-10,ARRÒS LLARG,1,1.35,1.35,5,PASTA Y ARROZ
2024-05-10,PATATES BRAVES ALLIO,1,2.5,2.5,5,BEBIDAS
2024-05-10,CERVESA VOLL-DAMM,2,0.99,1.98,5,BEBIDAS
2024-05-10,BURGER PERNIL CEBA,1,2.5,2.5,5,FRUTA Y VERDURA
2024-05-10,LLENTIA PARDINA,1,2.1,2.1,5,PASTA Y ARROZ
2024-05-10,FILET,1,4.84,4.84,5,CHARCUTERÍA
2024-05-10,PA DE FORMATGE,2,0.45,0.9,5,PANADERÍA Y BOLLERÍA
2024-05-10,TOMÀQUET R. ARTESANA,2,1.65,3.3,5,FRUTA Y VERDURA
2024-05-10,RAÏM BLANC SENSE PEP,1,3.01,3.01,5,FRUTA Y VERDURA
2024-05-10,RAÏM VERMELLA SENSE,1,2.47,2.47,5,FRUTA Y VERDURA
2024-05-11,BOSSA PLÀSTIC,1,0.15,0.15,5,LIMPIEZA Y HOGAR
2024-05-11,FORMATGE RATLLAT POL,2,1.6,3.2,5,LÁCTEOS Y HUEVOS
2024-05-11,FILET,1,4.76,4.76,5,CHARCUTERÍA
2024-05-11,BOTIFARRA DE PAGES,1,4.49,4.49,5,CHARCUTERÍA
2024-05-11,FORMATGE TALLS LIGHT,1,2.38,2.38,5,LÁCTEOS Y HUEVOS
2024-05-11,XAMPÚ COND. MENTOL,1,2.4,2.4,5,LIMPIEZA Y HOGAR
2024-05-11,PROT. NORMAL,1,1.85,1.85,5,CHARCUTERÍA
2024-05-11,COMP. CLÀSSICA NORM,1,1.13,1.13,5,CUIDADO PERSONAL
2024-05-13,LLET SENCERA,1,0.91,0.91,5,LÁCTEOS Y HUEVOS
2024-05-13,FILM TRANSPARENT,1,1.85,1.85,5,LIMPIEZA Y HOGAR
2024-05-13,BAGUET,1,0.55,0.55,5,PANADERÍA Y BOLLERÍA
2024-05-13,RAÏM VERMELLA SENSE,1,2.36,2.36,5,FRUTA Y VERDURA
2024-05-13,BÍFIDUS FIBRES I CER,1,1.3,1.3,5,LÁCTEOS Y HUEVOS
2024-05-13,BÍFIDUS NATURAL,1,1.35,1.35,5,LÁCTEOS Y HUEVOS
2024-05-13,PA HOT DOG,2,0.95,1.9,5,PANADERÍA Y BOLLERÍA
2024-05-13,PERNIL SERRÀ SOBRE,1,4.1,4.1,5,CHARCUTERÍA
2024-05-13,RAÏM BLANC SENSE PEP,1,2.69,2.69,5,FRUTA Y VERDURA
2024-05-13,BEURE FRUITES BOSC,1,2.05,2.05,5,BEBIDAS
2024-05-13,CRUNCHY CHICKEN,1,2.05,2.05,5,SNACKS Y GOLOSINAS
2024-05-13,GREC NATURAL,1,2.45,2.45,5,LÁCTEOS Y HUEVOS
2024-05-14,BAGUET,1,0.55,0.55,5,PANADERÍA Y BOLLERÍA
2024-05-14,BÍFIDUS MANGO,1,1.3,1.3,5,LÁCTEOS Y HUEVOS
2024-05-14,ROTLLE LLAR DOBLE,1,2.1,2.1,5,PANADERÍA Y BOLLERÍA
2024-05-14,CERVESA VOLL-DAMM,1,0.99,0.99,5,BEBIDAS
2024-05-14,FORMATGE TALLS LIGHT,1,2.37,2.37,5,LÁCTEOS Y HUEVOS
2024-05-14,LLET SENCERA,1,0.91,0.91,5,LÁCTEOS Y HUEVOS
2024-05-16,RAÏM BLANC SENSE PEP,1,2.75,2.75,5,FRUTA Y VERDURA
2024-05-16,BAGUET,1,0.55,0.55,5,PANADERÍA Y BOLLERÍA
2024-05-16,PATATES BRAVES ALLIO,1,2.5,2.5,5,BEBIDAS
2024-05-16,CERVESA VOLL-DAMM,1,0.99,0.99,5,BEBIDAS
2024-05-16,PERNIL SERRÀ SOBRE,1,4.1,4.1,5,CHARCUTERÍA
2024-05-16,BOSSA PLÀSTIC,1,0.15,0.15,5,LIMPIEZA Y HOGAR
2024-05-17,BAGUET,1,0.55,0.55,5,PANADERÍA Y BOLLERÍA
2024-05-17,BÍFIDUS NATURAL,1,1.35,1.35,5,LÁCTEOS Y HUEVOS
2024-05-17,PA HOT DOG,1,0.95,0.95,5,PANADERÍA Y BOLLERÍA
2024-05-17,BEURE FRUITES BOSC,1,2.05,2.05,5,BEBIDAS
2024-05-17,BÍFIDUS FIBRES I CER,1,1.3,1.3,5,LÁCTEOS Y HUEVOS
2024-05-17,ARRÒS LLARG,1,1.35,1.35,5,PASTA Y ARROZ
2024-05-17,CERVESA VOLL-DAMM,2,0.99,1.98,5,BEBIDAS
2024-05-17,RAÏM VERMELLA SENSE,1,2.48,2.48,5,FRUTA Y VERDURA
2024-05-17,COSTELLA XURRASCO,1,4.68,4.68,5,BEBIDAS
2024-05-17,TOMÀQUET R. ARTESANA,2,1.65,3.3,5,FRUTA Y VERDURA
2024-05-17,GREC NATURAL,1,2.45,2.45,5,LÁCTEOS Y HUEVOS
2024-05-17,AS. HERBES PROVENÇAL,1,1.0,1.0,5,OTROS
2024-05-17,BROQUETA SENSE AST,1,3.87,3.87,5,OTROS
2024-05-17,GNOCCHI QUESOS,1,2.0,2.0,5,PASTA Y ARROZ
2024-05-17,FORMATGE TALLS LIGHT,1,2.28,2.28,5,LÁCTEOS Y HUEVOS
2024-05-18,BATUT XOCOLATA PAQUE,1,1.5,1.5,5,OTROS
2024-05-18,TOTAL ACTION ELIX.,1,1.35,1.35,5,OTROS
2024-05-18,BOSSA PLÀSTIC,2,0.15,0.3,5,LIMPIEZA Y HOGAR
2024-05-18,POLS DESODORANT PEUS,1,2.0,2.0,5,LIMPIEZA Y HOGAR
2024-05-18,PAPER HUMIT WC,3,1.55,4.65,5,LIMPIEZA Y HOGAR
2024-05-20,BEURE FRUITES BOSC,1,2.05,2.05,5,BEBIDAS
2024-05-20,BARRA CAMPEROLA,1,0.7,0.7,5,PANADERÍA Y BOLLERÍA
2024-05-20,PA HOT DOG,1,0.95,0.95,5,PANADERÍA Y BOLLERÍA
2024-05-20,BEGUDA AVENA,2,0.95,1.9,5,BEBIDAS
2024-05-20,GREC NATURAL,1,2.45,2.45,5,LÁCTEOS Y HUEVOS
2024-05-20,BÍFIDUS NATURAL,1,1.35,1.35,5,LÁCTEOS Y HUEVOS
2024-05-20,BÍFIDUS MANGO,1,1.3,1.3,5,LÁCTEOS Y HUEVOS
2024-05-20,LLET SENCERA,3,0.91,2.73,5,LÁCTEOS Y HUEVOS
2024-05-20,HIGIÈNIC DOBLE ROTLL,1,4.4,4.4,5,LIMPIEZA Y HOGAR
2024-05-20,RAÏM BLANC SENSE PEP,1,2.25,2.25,5,FRUTA Y VERDURA
2024-05-20,PATATES BRAVES ALLIO,1,2.5,2.5,5,BEBIDAS
2024-05-20,RAÏM VERMELLA SENSE,1,1.93,1.93,5,FRUTA Y VERDURA
2024-05-20,PÈSOL FI,1,1.6,1.6,5,CONSERVAS Y OTROS
2024-05-20,CAMAMILLA,1,0.55,0.55,5,OTROS
2024-05-20,FLOCS DE CIVADA,1,0.9,0.9,5,FRUTA Y VERDURA
2024-05-20,ENSALADILLA,1,1.3,1.3,5,OTROS
2024-05-20,GEL COCO,2,1.4,2.8,5,CUIDADO PERSONAL
2024-05-20,CACAUET FREGIT,1,1.3,1.3,5,SNACKS Y GOLOSINAS
2024-05-20,FORMATGE RATLLAT POL,1,1.6,1.6,5,LÁCTEOS Y HUEVOS
2024-05-22,BAGUET,1,0.55,0.55,5,PANADERÍA Y BOLLERÍA
2024-05-22,FUSILLI SENSE GLUTEN,1,1.95,1.95,5,BEBIDAS
2024-05-22,PA HOT DOG,1,0.95,0.95,5,PANADERÍA Y BOLLERÍA
2024-05-22,BEGUDA AVENA,2,0.95,1.9,5,BEBIDAS
2024-05-22,LLET SENCERA,2,0.91,1.82,5,LÁCTEOS Y HUEVOS
2024-05-22,BÍFIDUS NATURAL,1,1.35,1.35,5,LÁCTEOS Y HUEVOS
2024-05-22,CERVESA VOLL-DAMM,2,0.99,1.98,5,BEBIDAS
2024-05-22,ROTLLE LLAR DOBLE,1,2.1,2.1,5,PANADERÍA Y BOLLERÍA
2024-05-22,GREC NATURAL,1,2.45,2.45,5,LÁCTEOS Y HUEVOS
2024-05-22,RAÏM BLANC SENSE PEP,1,2.72,2.72,5,FRUTA Y VERDURA
2024-05-22,FORMATGE TALLS LIGHT,1,2.34,2.34,5,LÁCTEOS Y HUEVOS
2024-05-24,SUAVITZANT DELICAT,1,1.85,1.85,5,BEBIDAS
2024-05-24,GREC NATURAL,1,2.45,2.45,5,LÁCTEOS Y HUEVOS
2024-05-24,PA DE FORMATGE,2,0.45,0.9,5,PANADERÍA Y BOLLERÍA
2024-05-24,BEGUDA AVENA,1,0.95,0.95,5,BEBIDAS
2024-05-24,XAMPÚ COND. CÍTRIC,1,2.3,2.3,5,LIMPIEZA Y HOGAR
2024-05-24,LLET SENCERA,1,0.91,0.91,5,LÁCTEOS Y HUEVOS
2024-05-24,AIGUA MINERAL,2,0.74,1.48,5,OTROS
2024-05-24,PERNIL SERRÀ SOBRE,1,4.1,4.1,5,CHARCUTERÍA
2024-05-24,ROTI POLLASTRE,1,3.0,3.0,5,PLATOS PREPARADOS
2024-05-24,FORMATGE TALLS LIGHT,1,2.35,2.35,5,LÁCTEOS Y HUEVOS
2024-05-24,DAUETS DE PERNIL,1,2.65,2.65,5,CHARCUTERÍA
2024-05-24,SALSA CARBONARA,1,1.65,1.65,5,SALSAS Y ADEREZOS
2024-05-24,RAÏM VERMELLA SENSE,1,2.62,2.62,5,FRUTA Y VERDURA
2024-05-27,BÍFIDUS NATURAL,1,1.35,1.35,5,LÁCTEOS Y HUEVOS
2024-05-27,BÍFIDUS MANGO,1,1.3,1.3,5,LÁCTEOS Y HUEVOS
2024-05-27,SOBAOS,1,1.9,1.9,5,PANADERÍA Y BOLLERÍA
2024-05-27,BEURE FRUITES BOSC,1,2.05,2.05,5,BEBIDAS
2024-05-27,BLAT MORO FREGIT CRU,1,1.0,1.0,5,SNACKS Y GOLOSINAS
2024-05-27,LLET SENCERA,2,0.91,1.82,5,LÁCTEOS Y HUEVOS
2024-05-27,FR. LLET PINYA COCO,1,1.25,1.25,5,FRUTA Y VERDURA
2024-05-27,BEGUDA AVENA,1,0.95,0.95,5,BEBIDAS
2024-05-27,RAÏM VERMELLA SENSE,1,2.61,2.61,5,FRUTA Y VERDURA
2024-05-27,RAÏM BLANC SENSE PEP,1,2.56,2.56,5,FRUTA Y VERDURA
2024-05-27,CRUNCHY CHICKEN,1,2.05,2.05,5,SNACKS Y GOLOSINAS
2024-05-27,PATATES BRAVES ALLIO,1,2.5,2.5,5,BEBIDAS
2024-05-27,FESTUC NATURAL,2,2.64,5.28,5,SNACKS Y GOLOSINAS
2024-05-27,BOSSA PLÀSTIC,1,0.15,0.15,5,LIMPIEZA Y HOGAR
2024-05-29,BAGUET,1,0.55,0.55,5,PANADERÍA Y BOLLERÍA
2024-05-29,GREC NATURAL,1,2.45,2.45,5,LÁCTEOS Y HUEVOS
2024-05-29,FLOCS DE CIVADA,1,0.9,0.9,5,FRUTA Y VERDURA
2024-05-29,PA HOT DOG,1,0.95,0.95,5,PANADERÍA Y BOLLERÍA
2024-05-29,RAÏM VERMELLA SENSE,1,2.09,2.09,5,FRUTA Y VERDURA
2024-05-29,MELÓ GRIPAU PARTIT,1,2.31,2.31,5,FRUTA Y VERDURA
2024-05-29,FORMATGE TALLS LIGHT,1,2.34,2.34,5,LÁCTEOS Y HUEVOS
2024-05-29,GNOCCHI QUESOS,1,2.0,2.0,5,PASTA Y ARROZ
2024-05-29,SALSA CARBONARA,1,1.65,1.65,5,SALSAS Y ADEREZOS
2024-05-29,BÍFIDUS FIBRES I CER,1,1.3,1.3,5,LÁCTEOS Y HUEVOS
2024-05-31,BEURE FRUITES BOSC,1,2.05,2.05,5,BEBIDAS
2024-05-31,PA HOT DOG,1,0.95,0.95,5,PANADERÍA Y BOLLERÍA
2024-05-31,BEGUDA AVENA,1,0.95,0.95,5,BEBIDAS
2024-05-31,QUARTER POSTERIOR,1,4.51,4.51,5,BEBIDAS
2024-05-31,BÍF FRUITES SIL,1,1.3,1.3,5,BEBIDAS
2024-05-31,LLONGANISSA POBLE,2,3.3,6.6,5,CHARCUTERÍA
2024-05-31,ARRÒS LLARG,1,1.35,1.35,5,PASTA Y ARROZ
2024-05-31,FORMATGE TALLS LIGHT,1,2.28,2.28,5,LÁCTEOS Y HUEVOS
2024-05-31,TOMÀQUET R. ARTESANA,2,1.65,3.3,5,FRUTA Y VERDURA
2024-05-31,FESTUC NATURAL,1,2.64,2.64,5,SNACKS Y GOLOSINAS
2024-05-31,TONYINA CLARA OLIV,1,5.25,5.25,5,CONSERVAS Y OTROS
2024-05-31,CERVESA VOLL-DAMM,2,0.99,1.98,5,BEBIDAS
2024-05-31,MELÓ GRIPAU PARTIT,1,3.02,3.02,5,FRUTA Y VERDURA
2024-06-01,PIZZA PERNIL I FORMA,1,3.4,3.4,6,CHARCUTERÍA
2024-06-01,PAPER HUMIT WC,2,1.55,3.1,6,LIMPIEZA Y HOGAR
2024-06-01,PRUNES SENSE PINYOL,1,2.1,2.1,6,OTROS
2024-06-01,RAÏM BLANC SENSE PEP,1,2.63,2.63,6,FRUTA Y VERDURA
2024-06-03,BAGUET,1,0.55,0.55,6,PANADERÍA Y BOLLERÍA
2024-06-03,RAÏM VERMELLA SENSE,1,2.53,2.53,6,FRUTA Y VERDURA
2024-06-03,PA HOT DOG,1,0.95,0.95,6,PANADERÍA Y BOLLERÍA
2024-06-03,GREC NATURAL,1,2.45,2.45,6,LÁCTEOS Y HUEVOS
2024-06-03,BEURE FRUITES BOSC,1,2.05,2.05,6,BEBIDAS
2024-06-03,CUIDACOL NATURAL,1,2.6,2.6,6,CUIDADO PERSONAL
2024-06-03,BEGUDA AVENA,1,0.95,0.95,6,BEBIDAS
2024-06-03,FORMATGE TALLS LIGHT,1,2.39,2.39,6,LÁCTEOS Y HUEVOS
2024-06-06,BOSSA PLÀSTIC,1,0.15,0.15,6,LIMPIEZA Y HOGAR
2024-06-06,MELÓ GRIPAU PARTIT,1,2.27,2.27,6,FRUTA Y VERDURA
2024-06-06,BÍFIDUS MANGO,1,1.3,1.3,6,LÁCTEOS Y HUEVOS
2024-06-06,PA HOT DOG,1,0.95,0.95,6,PANADERÍA Y BOLLERÍA
2024-06-07,ROTLLE LLAR DOBLE,1,2.25,2.25,6,PANADERÍA Y BOLLERÍA
2024-06-07,HIGIÈNIC DOBLE ROTLL,1,4.4,4.4,6,LIMPIEZA Y HOGAR
2024-06-07,BEURE FRUITES BOSC,1,2.05,2.05,6,BEBIDAS
2024-06-07,PAPER HUMIT WC,2,1.55,3.1,6,LIMPIEZA Y HOGAR
2024-06-07,BÍFIDUS NATURAL,1,1.35,1.35,6,LÁCTEOS Y HUEVOS
2024-06-07,BÍF FRUITES SIL,1,1.3,1.3,6,BEBIDAS
2024-06-07,BATUT XOCOLATA PAQUE,1,1.5,1.5,6,OTROS
2024-06-07,GREC NATURAL,1,2.45,2.45,6,LÁCTEOS Y HUEVOS
2024-06-07,PA HOT DOG,2,0.95,1.9,6,PANADERÍA Y BOLLERÍA
2024-06-07,PATATES BRAVES ALLIO,1,2.5,2.5,6,BEBIDAS
2024-06-07,FESTUC NATURAL,1,2.64,2.64,6,SNACKS Y GOLOSINAS
2024-06-07,FILET,1,5.15,5.15,6,CHARCUTERÍA
2024-06-07,FILET,1,4.87,4.87,6,CHARCUTERÍA
2024-06-07,BAGUET,2,0.55,1.1,6,PANADERÍA Y BOLLERÍA
2024-06-07,FORMATGE FRESC AMANI,1,1.95,1.95,6,LÁCTEOS Y HUEVOS
2024-06-07,RAÏM VERMELLA SENSE,1,2.6,2.6,6,FRUTA Y VERDURA
2024-06-07,TONYINA CLARA OLIV,1,5.25,5.25,6,CONSERVAS Y OTROS
2024-06-08,RAÏM VERMELLA SENSE,1,2.38,2.38,6,FRUTA Y VERDURA
2024-06-08,BEGUDA AVENA,3,0.95,2.85,6,BEBIDAS
2024-06-08,GEL COCO,1,1.4,1.4,6,CUIDADO PERSONAL
2024-06-08,BLANQUEJADOR DENTIFR,1,3.95,3.95,6,LIMPIEZA Y HOGAR
2024-06-11,BAGUET,1,0.55,0.55,6,PANADERÍA Y BOLLERÍA
2024-06-11,BEGUDA AVENA,2,0.95,1.9,6,BEBIDAS
2024-06-11,BÍFIDUS NATURAL,1,1.35,1.35,6,LÁCTEOS Y HUEVOS
2024-06-11,CUIDACOL MADUIXA,1,2.6,2.6,6,CUIDADO PERSONAL
2024-06-11,FORMATGE TALLS LIGHT,1,2.28,2.28,6,LÁCTEOS Y HUEVOS
2024-06-11,BÍFIDUS FIBRES I CER,1,1.3,1.3,6,LÁCTEOS Y HUEVOS
2024-06-11,BLAT MORO FREGIT CRU,1,1.0,1.0,6,SNACKS Y GOLOSINAS
2024-06-11,PA HOT DOG,1,0.95,0.95,6,PANADERÍA Y BOLLERÍA
2024-06-11,GREC NATURAL,1,2.45,2.45,6,LÁCTEOS Y HUEVOS
2024-06-13,GREC NATURAL,1,2.45,2.45,6,LÁCTEOS Y HUEVOS
2024-06-13,SALSA CARBONARA,1,1.65,1.65,6,SALSAS Y ADEREZOS
2024-06-14,BEGUDA AVENA,2,0.95,1.9,6,BEBIDAS
2024-06-14,LLET SENCERA,3,0.91,2.73,6,LÁCTEOS Y HUEVOS
2024-06-14,LS PATATA PANADERA,1,2.5,2.5,6,FRUTA Y VERDURA
2024-06-14,MINI BURGER MIXTA,1,2.59,2.59,6,PANADERÍA Y BOLLERÍA
2024-06-14,BÍFIDUS NATURAL,1,1.35,1.35,6,LÁCTEOS Y HUEVOS
2024-06-14,COSTELLA XURRASCO,1,5.4,5.4,6,BEBIDAS
2024-06-14,COSTELLA XURRASCO,1,5.72,5.72,6,BEBIDAS
2024-06-14,FESTUC NATURAL,1,2.64,2.64,6,SNACKS Y GOLOSINAS
2024-06-14,PERNIL SERRÀ SOBRE,1,4.1,4.1,6,CHARCUTERÍA
2024-06-14,PATATES SERRANO,1,1.2,1.2,6,BEBIDAS
2024-06-14,CHEETOS PELOTAZOS,1,1.89,1.89,6,SNACKS Y GOLOSINAS
2024-06-14,TOMÀQUET R. ARTESANA,2,1.6,3.2,6,FRUTA Y VERDURA
2024-06-14,PA DE FORMATGE,2,0.45,0.9,6,PANADERÍA Y BOLLERÍA
2024-06-18,HIGIÈNIC DOBLE ROTLL,1,4.6,4.6,6,LIMPIEZA Y HOGAR
2024-06-18,ROTLLE LLAR DOBLE,1,2.25,2.25,6,PANADERÍA Y BOLLERÍA
2024-06-18,BEURE FRUITES BOSC,1,2.05,2.05,6,BEBIDAS
2024-06-18,PA HOT DOG,1,0.95,0.95,6,PANADERÍA Y BOLLERÍA
2024-06-18,LLET SENCERA,2,0.91,1.82,6,LÁCTEOS Y HUEVOS
2024-06-18,BEGUDA AVENA,1,0.95,0.95,6,BEBIDAS
2024-06-18,GREC NATURAL,1,2.45,2.45,6,LÁCTEOS Y HUEVOS
2024-06-18,MELÓ GRIPAU PARTIT,1,3.46,3.46,6,FRUTA Y VERDURA
2024-06-18,BOSSES ES.CUBELL ALT,1,1.85,1.85,6,LIMPIEZA Y HOGAR
2024-06-18,RAÏM VERMELLA SENSE,1,2.17,2.17,6,FRUTA Y VERDURA
2024-06-18,BÍFIDUS MANGO,1,1.3,1.3,6,LÁCTEOS Y HUEVOS
2024-06-18,AS. HERBES PROVENÇAL,2,1.0,2.0,6,OTROS
2024-06-18,FORMATGE TALLS LIGHT,1,2.36,2.36,6,LÁCTEOS Y HUEVOS
2024-06-18,FORMATGE TALLS SEMI,1,2.37,2.37,6,LÁCTEOS Y HUEVOS
2024-06-19,BAGUET,2,0.55,1.1,6,PANADERÍA Y BOLLERÍA
2024-06-19,GREC NATURAL,1,2.45,2.45,6,LÁCTEOS Y HUEVOS
2024-06-19,FESTUC NATURAL,1,2.64,2.64,6,SNACKS Y GOLOSINAS
2024-06-19,FLOCS DE CIVADA,1,0.9,0.9,6,FRUTA Y VERDURA
2024-06-19,BLAT MORO FREGIT CRU,1,1.0,1.0,6,SNACKS Y GOLOSINAS
2024-06-19,CERVESA,3,0.85,2.55,6,BEBIDAS
2024-06-19,CAMAMILLA,2,0.55,1.1,6,OTROS
2024-06-19,CERVES.SHANDY LLAUNA,2,0.33,0.66,6,BEBIDAS
2024-06-19,BÍFIDUS FIBRES I CER,1,1.3,1.3,6,LÁCTEOS Y HUEVOS
2024-06-19,PA HOT DOG,1,0.95,0.95,6,PANADERÍA Y BOLLERÍA
2024-06-19,MELÓ GRIPAU PARTIT,1,1.68,1.68,6,FRUTA Y VERDURA
2024-06-19,PIZZA PERNIL I FORMA,1,3.4,3.4,6,CHARCUTERÍA
2024-06-21,FUET ESPETEC EXTRA,2,2.57,5.14,6,CHARCUTERÍA
2024-06-21,BROU DE VERDURES,1,0.85,0.85,6,CONSERVAS Y OTROS
2024-06-21,FORMATGE SEMI TALLAT,1,4.66,4.66,6,LÁCTEOS Y HUEVOS
2024-06-21,PATATES SERRANO,1,1.2,1.2,6,BEBIDAS
2024-06-21,TONYINA CLARA OLIV,1,5.25,5.25,6,CONSERVAS Y OTROS
2024-07-01,CUIDACOL NATURAL,1,2.6,2.6,7,CUIDADO PERSONAL
2024-07-01,FLOCS DE CIVADA,1,0.9,0.9,7,FRUTA Y VERDURA
2024-07-01,CERVESA,2,0.85,1.7,7,BEBIDAS
2024-07-01,FORMATGE FRESC AMANI,1,1.95,1.95,7,LÁCTEOS Y HUEVOS
2024-07-01,BURRATA,1,2.2,2.2,7,LÁCTEOS Y HUEVOS
2024-07-01,BEURE FRUITES BOSC,2,2.05,4.1,7,BEBIDAS
2024-07-01,BÍFIDUS NATURAL,1,1.25,1.25,7,LÁCTEOS Y HUEVOS
2024-07-01,BEGUDA AVENA,1,0.95,0.95,7,BEBIDAS
2024-07-01,BÍFIDUS MANGO,1,1.3,1.3,7,LÁCTEOS Y HUEVOS
2024-07-01,PATATES BRAVES ALLIO,1,2.3,2.3,7,BEBIDAS
2024-07-01,FORMATGE TALLS LIGHT,1,2.13,2.13,7,LÁCTEOS Y HUEVOS
2024-07-01,FORMATGE TALLS SEMI,1,2.17,2.17,7,LÁCTEOS Y HUEVOS
2024-07-04,ROTLLE LLAR DOBLE,1,2.25,2.25,7,PANADERÍA Y BOLLERÍA
2024-07-04,MELÓ GRIPAU PARTIT,1,2.04,2.04,7,FRUTA Y VERDURA
2024-07-04,GREC NATURAL,1,2.4,2.4,7,LÁCTEOS Y HUEVOS
2024-07-04,TOMÀQ. PERA TERRINA,1,2.21,2.21,7,FRUTA Y VERDURA
2024-07-04,TONYINA CLARA OLIV,1,5.15,5.15,7,CONSERVAS Y OTROS
2024-07-04,BEURE FRUITES BOSC,1,2.05,2.05,7,BEBIDAS
2024-07-04,FORMATGE FRESC AMANI,1,1.95,1.95,7,LÁCTEOS Y HUEVOS
2024-07-04,FORMATGE TALLS LIGHT,1,2.05,2.05,7,LÁCTEOS Y HUEVOS
2024-07-05,HIGIÈNIC DOBLE ROTLL,1,4.6,4.6,7,LIMPIEZA Y HOGAR
2024-07-05,BÍFIDUS FIBRES I CER,1,1.3,1.3,7,LÁCTEOS Y HUEVOS
2024-07-05,BÍFIDUS NATURAL,1,1.25,1.25,7,LÁCTEOS Y HUEVOS
2024-07-05,CERVESA,2,0.85,1.7,7,BEBIDAS
2024-07-05,CERVESA VOLL-DAMM,2,0.99,1.98,7,BEBIDAS
2024-07-05,XAMPÚ COND. MENTOL,1,2.3,2.3,7,LIMPIEZA Y HOGAR
2024-07-05,XAMPÚ REPARA I PROT.,1,2.95,2.95,7,CHARCUTERÍA
2024-07-05,FILM TRANSPARENT,1,1.85,1.85,7,LIMPIEZA Y HOGAR
2024-07-05,CERVESA,1,8.76,8.76,7,BEBIDAS
2024-07-05,BURGER VACUM,1,4.4,4.4,7,OTROS
2024-07-05,FORMATGE TALLS SEMI,1,2.12,2.12,7,LÁCTEOS Y HUEVOS
2024-07-05,ENSALADILLA,1,1.3,1.3,7,OTROS
2024-07-05,ICEBERG,1,0.99,0.99,7,FRUTA Y VERDURA
2024-07-05,PATATES SERRANO,1,1.2,1.2,7,BEBIDAS
2024-07-05,PATATES FREGIDES SAL,1,1.99,1.99,7,BEBIDAS
2024-07-05,MOS SENSE GLUTEN,1,1.85,1.85,7,BEBIDAS
2024-07-05,PAPER HUMIT WC,1,1.55,1.55,7,LIMPIEZA Y HOGAR
2024-07-06,MAXI HAMBURGUESA,2,0.9,1.8,7,PLATOS PREPARADOS
2024-07-06,BOSSA PLÀSTIC,1,0.15,0.15,7,LIMPIEZA Y HOGAR
2024-07-06,BLANQUEJADOR DENTIFR,1,3.95,3.95,7,LIMPIEZA Y HOGAR
2024-07-06,MARGARINA FLORA,1,2.95,2.95,7,OTROS
2024-07-11,BOSSA PLÀSTIC,1,0.15,0.15,7,LIMPIEZA Y HOGAR
2024-07-11,GREC NATURAL,1,2.4,2.4,7,LÁCTEOS Y HUEVOS
2024-07-11,RAÏM VERMELLA SENSE,1,2.14,2.14,7,FRUTA Y VERDURA
2024-07-11,PATATES BRAVES ALLIO,1,2.3,2.3,7,BEBIDAS
2024-07-11,MELÓ GRIPAU PARTIT,1,3.37,3.37,7,FRUTA Y VERDURA
2024-07-13,CUIDACOL NATURAL,1,2.6,2.6,7,CUIDADO PERSONAL
2024-07-13,BÍFIDUS MANGO,1,1.3,1.3,7,LÁCTEOS Y HUEVOS
2024-07-13,BÍFIDUS NATURAL,1,1.25,1.25,7,LÁCTEOS Y HUEVOS
2024-07-13,MARGARINA FLORA,1,2.95,2.95,7,OTROS
2024-07-13,PAPER HUMIT WC,3,1.55,4.65,7,LIMPIEZA Y HOGAR
2024-07-13,BEURE FRUITES BOSC,1,2.05,2.05,7,BEBIDAS
2024-07-13,LLET SENCERA,3,0.91,2.73,7,LÁCTEOS Y HUEVOS
2024-07-13,BEGUDA AVENA,2,0.95,1.9,7,BEBIDAS
2024-07-13,RAÏM BLANC SENSE PEP,1,2.14,2.14,7,FRUTA Y VERDURA
2024-07-13,TOMÀQUET R. ARTESANA,2,1.5,3.0,7,FRUTA Y VERDURA
2024-07-13,GEL COCO,1,1.5,1.5,7,CUIDADO PERSONAL
2024-07-13,CERVESA VOLL-DAMM,3,0.99,2.97,7,BEBIDAS
2024-07-13,CAMAMILLA,1,0.55,0.55,7,OTROS
2024-07-13,PATATES SERRANO,1,1.2,1.2,7,BEBIDAS
2024-07-13,PATATES FREGIDES SAL,1,1.99,1.99,7,BEBIDAS
2024-07-13,FORMATGE RATLLAT POL,1,1.6,1.6,7,LÁCTEOS Y HUEVOS
2024-07-13,AS. HERBES PROVENÇAL,1,1.0,1.0,7,OTROS
2024-07-13,COSTILLA CHURRASCO,1,5.15,5.15,7,PLATOS PREPARADOS
2024-07-13,HIGIÈNIC DOBLE ROTLL,1,4.6,4.6,7,LIMPIEZA Y HOGAR
2024-07-15,BEGUDA AVENA,2,0.95,1.9,7,BEBIDAS
2024-07-15,LLET SENCERA,3,0.91,2.73,7,LÁCTEOS Y HUEVOS
2024-07-15,CRUNCHY CHICKEN,1,2.05,2.05,7,SNACKS Y GOLOSINAS
2024-07-15,GREC NATURAL,1,2.4,2.4,7,LÁCTEOS Y HUEVOS
2024-07-15,TOTAL ACTION ELIX.,1,1.35,1.35,7,OTROS
2024-07-15,TAMPAX COMPAK SÚPER,1,2.5,2.5,7,CUIDADO PERSONAL
2024-07-15,RECANVI LÍQUID INSEC,4,1.8,7.2,7,BEBIDAS
2024-07-15,PARANYS ESCARABATS,1,2.95,2.95,7,LIMPIEZA Y HOGAR
2024-07-15,CERVESA VOLL-DAMM,2,0.99,1.98,7,BEBIDAS
2024-07-15,GEL AMB LLEIXIU,1,1.9,1.9,7,LIMPIEZA Y HOGAR
2024-07-15,GEL COCO,2,1.5,3.0,7,CUIDADO PERSONAL
2024-07-15,DESEMBUSSADOR TURBO,1,1.7,1.7,7,LIMPIEZA Y HOGAR
2024-07-15,TAMPAX COMPAK S.PLUS,1,2.85,2.85,7,CUIDADO PERSONAL
2024-07-15,COMP. CLÀSSICA PLEG,1,1.18,1.18,7,CUIDADO PERSONAL
2024-07-15,COMP. CLÀSSICA NORM,3,1.13,3.39,7,CUIDADO PERSONAL
2024-07-15,COMP. CLÀSSICA SÚPER,1,1.32,1.32,7,CUIDADO PERSONAL
2024-07-16,BOSSA PLÀSTIC,1,0.15,0.15,7,LIMPIEZA Y HOGAR
2024-07-16,BEURE FRUITES BOSC,1,2.05,2.05,7,BEBIDAS
2024-07-16,BÍFIDUS FIBRES I CER,1,1.3,1.3,7,LÁCTEOS Y HUEVOS
2024-07-16,FORMATGE TALLS LIGHT,1,2.45,2.45,7,LÁCTEOS Y HUEVOS
2024-07-16,FORMATGE RATLLAT POL,2,1.6,3.2,7,LÁCTEOS Y HUEVOS
2024-07-16,MELÓ GRIPAU PARTIT,1,2.5,2.5,7,FRUTA Y VERDURA
2024-07-16,CERVESA ESPECIAL,2,0.83,1.66,7,BEBIDAS
2024-07-16,RAÏM VERMELLA SENSE,1,2.59,2.59,7,FRUTA Y VERDURA
2024-07-17,FLOCS DE CIVADA,1,0.9,0.9,7,FRUTA Y VERDURA
2024-07-17,ARRÒS LLARG,1,1.35,1.35,7,PASTA Y ARROZ
2024-07-17,OLI VERGE,1,24.3,24.3,7,CONSERVAS Y OTROS
2024-07-17,BOSSA PLÀSTIC,1,0.15,0.15,7,LIMPIEZA Y HOGAR
2024-07-19,CERVESA,2,0.85,1.7,7,BEBIDAS
2024-07-19,CERVESA VOLL-DAMM,2,0.99,1.98,7,BEBIDAS
2024-07-19,CERVES.SHANDY LLAUNA,1,0.33,0.33,7,BEBIDAS
2024-07-19,BOSSA PLÀSTIC,1,0.15,0.15,7,LIMPIEZA Y HOGAR
2024-07-19,FORMATGE FRESC AMANI,1,1.95,1.95,7,LÁCTEOS Y HUEVOS
2024-07-19,FORMATGE TALLS LIGHT,1,2.34,2.34,7,LÁCTEOS Y HUEVOS
2024-07-19,MELÓ GRIPAU PARTIT,1,1.74,1.74,7,FRUTA Y VERDURA
2024-07-19,VINAGRE BALSÀMIC,1,2.35,2.35,7,BEBIDAS
2024-07-20,GREC NATURAL,1,2.4,2.4,7,LÁCTEOS Y HUEVOS
2024-07-20,DEO BODY SP AQUA,4,1.7,6.8,7,LIMPIEZA Y HOGAR
2024-07-20,BOSSES ES.CUBELL ALT,1,1.85,1.85,7,LIMPIEZA Y HOGAR
2024-07-20,CERVESA ESPECIAL,4,0.83,3.32,7,BEBIDAS
2024-07-20,FLOCS DE CIVADA,1,0.9,0.9,7,FRUTA Y VERDURA
2024-07-20,RAÏM BLANC SENSE PEP,1,2.82,2.82,7,FRUTA Y VERDURA
2024-07-20,RAÏM VERMELLA SENSE,1,2.68,2.68,7,FRUTA Y VERDURA
2024-07-20,BÍFIDUS NATURAL,1,1.25,1.25,7,LÁCTEOS Y HUEVOS
2024-07-20,GEL FRESCOR AZUL,2,0.75,1.5,7,LIMPIEZA Y HOGAR
2024-07-20,DETERGENT ROBA COLOR,1,4.2,4.2,7,BEBIDAS
2024-07-20,CERVES.SHANDY LLAUNA,1,0.33,0.33,7,BEBIDAS
2024-07-20,XAMPÚ COND. MENTOL,1,2.3,2.3,7,LIMPIEZA Y HOGAR
2024-07-20,CERVESA VOLL-DAMM,3,0.99,2.97,7,BEBIDAS
2024-07-20,RECANVI LÍQUID INSEC,2,1.8,3.6,7,BEBIDAS
2024-07-20,MARGARINA FLORA,1,2.95,2.95,7,OTROS
2024-07-20,BEURE FRUITES BOSC,1,2.05,2.05,7,BEBIDAS
2024-07-20,DESODORANT BOLA DOVE,1,2.5,2.5,7,LIMPIEZA Y HOGAR
2024-07-20,PAPER HUMIT WC,2,1.55,3.1,7,LIMPIEZA Y HOGAR
2024-07-20,CAFÈ MÒLT FORT,1,3.85,3.85,7,BEBIDAS
2024-07-20,BEGUDA AVENA,1,0.95,0.95,7,BEBIDAS
2024-07-20,ESPINACS,1,1.2,1.2,7,FRUTA Y VERDURA
2024-07-20,CAMAMILLA,1,0.55,0.55,7,OTROS
2024-07-20,FORMATGE RATLLAT POL,1,1.6,1.6,7,LÁCTEOS Y HUEVOS
2024-07-20,FORMATGE TALLS LIGHT,1,2.11,2.11,7,LÁCTEOS Y HUEVOS
2024-07-20,ARRÒS LLARG,1,1.35,1.35,7,PASTA Y ARROZ
2024-07-20,LLENTIA PARDINA,1,2.1,2.1,7,PASTA Y ARROZ
2024-07-20,XAMPINYÓ GRAN,1,2.12,2.12,7,FRUTA Y VERDURA
2024-07-20,BURRATA,1,2.2,2.2,7,LÁCTEOS Y HUEVOS
2024-07-20,BLANQUEJADOR DENTIFR,1,3.95,3.95,7,LIMPIEZA Y HOGAR
2024-07-20,TALL CAP DE LLOM,1,3.94,3.94,7,CHARCUTERÍA
2024-07-20,HIGIÈNIC DOBLE ROTLL,1,4.6,4.6,7,LIMPIEZA Y HOGAR
2024-07-22,GNOCCHI QUESOS,1,2.0,2.0,7,PASTA Y ARROZ
2024-07-22,POWERADE ICE STORM,1,1.52,1.52,7,BEBIDAS
2024-07-22,FORMATGE RATLLAT POL,1,1.6,1.6,7,LÁCTEOS Y HUEVOS
2024-07-22,BEURE FRUITES BOSC,1,2.05,2.05,7,BEBIDAS
2024-07-22,GALETA FARCIDA CREMA,1,1.5,1.5,7,PANADERÍA Y BOLLERÍA
2024-07-22,PATATES BRAVES ALLIO,1,2.3,2.3,7,BEBIDAS
2024-07-22,BROQUETA MEXICÀ,1,4.1,4.1,7,OTROS
2024-07-23,GREC NATURAL,1,2.4,2.4,7,LÁCTEOS Y HUEVOS
2024-07-23,LLET SENCERA,2,0.91,1.82,7,LÁCTEOS Y HUEVOS
2024-07-23,BÍFIDUS NATURAL,1,1.25,1.25,7,LÁCTEOS Y HUEVOS
2024-07-23,CEBA TUB,1,1.75,1.75,7,FRUTA Y VERDURA
2024-07-23,PÈSOL FI,1,1.6,1.6,7,CONSERVAS Y OTROS
2024-07-25,BOSSA PLÀSTIC,1,0.15,0.15,7,LIMPIEZA Y HOGAR
2024-07-25,FORMATGE TALLS LIGHT,1,2.22,2.22,7,LÁCTEOS Y HUEVOS
2024-07-25,TOMÀQUET R. ARTESANA,2,1.5,3.0,7,FRUTA Y VERDURA
2024-07-26,BENTO PEQUEÑO,1,6.75,6.75,7,PLATOS PREPARADOS
2024-07-26,GOUDA SEMI RODANXES,1,2.2,2.2,7,LÁCTEOS Y HUEVOS
2024-07-26,BOSSA PAPER,1,0.1,0.1,7,PANADERÍA Y BOLLERÍA
2024-07-26,POLLO TERIYAKI,1,5.0,5.0,7,BEBIDAS
2024-07-27,ROTLLE LLAR DOBLE,1,2.25,2.25,7,PANADERÍA Y BOLLERÍA
2024-07-27,LLET SENCERA,4,0.91,3.64,7,LÁCTEOS Y HUEVOS
2024-07-27,BEURE FRUITES BOSC,2,2.05,4.1,7,BEBIDAS
2024-07-27,FLOCS DE CIVADA,1,0.9,0.9,7,FRUTA Y VERDURA
2024-07-27,CERVESA VOLL-DAMM,2,0.99,1.98,7,BEBIDAS
2024-07-27,PAPER HUMIT WC,2,1.55,3.1,7,LIMPIEZA Y HOGAR
2024-07-27,RAÏM BLANC SENSE PEP,1,2.67,2.67,7,FRUTA Y VERDURA
2024-07-27,RAÏM VERMELLA SENSE,1,2.63,2.63,7,FRUTA Y VERDURA
2024-07-27,COSTILLA CHURRASCO,1,5.83,5.83,7,PLATOS PREPARADOS
2024-07-27,ARRÒS LLARG,1,1.35,1.35,7,PASTA Y ARROZ
2024-07-27,FUSILLI SENSE GLUTEN,1,1.95,1.95,7,BEBIDAS
2024-07-27,AS. HERBES PROVENÇAL,1,1.0,1.0,7,OTROS
2024-07-27,TOMÀQUET R. ARTESANA,2,1.5,3.0,7,FRUTA Y VERDURA
2024-07-27,BURGER BOVÍ PORC,1,3.78,3.78,7,OTROS
2024-07-27,TALLS DE LLOM,1,3.18,3.18,7,CHARCUTERÍA
2024-07-27,TONYINA CLARA OLIV,1,5.15,5.15,7,CONSERVAS Y OTROS
2024-07-27,PAPER ALUMINI,1,2.05,2.05,7,LIMPIEZA Y HOGAR
2024-07-29,BÍFIDUS MANGO,1,1.3,1.3,7,LÁCTEOS Y HUEVOS
2024-07-29,CRUNCHY CHICKEN,1,2.05,2.05,7,SNACKS Y GOLOSINAS
2024-07-29,FORMATGE RATLLAT POL,1,1.6,1.6,7,LÁCTEOS Y HUEVOS
2024-07-31,BÍFIDUS FIBRES I CER,1,1.3,1.3,7,LÁCTEOS Y HUEVOS
2024-07-31,GREC NATURAL,1,2.4,2.4,7,LÁCTEOS Y HUEVOS
2024-07-31,MELÓ GRIPAU PARTIT,1,2.43,2.43,7,FRUTA Y VERDURA
2024-07-31,FORMATGE FRESC AMANI,1,1.95,1.95,7,LÁCTEOS Y HUEVOS
2024-07-31,FORMATGE TALLS LIGHT,1,2.32,2.32,7,LÁCTEOS Y HUEVOS
2024-08-03,BOSSA PLÀSTIC,1,0.15,0.15,8,LIMPIEZA Y HOGAR
2024-08-03,BAGUET,1,0.55,0.55,8,PANADERÍA Y BOLLERÍA
2024-08-03,ESPELMES ANIVERSARI,1,0.9,0.9,8,OTROS
2024-08-03,TOMÀQUET NATURAL RAT,1,1.39,1.39,8,FRUTA Y VERDURA
2024-08-03,DETERGENT ROBA COLOR,1,4.2,4.2,8,BEBIDAS
2024-08-03,BEGUDA AVENA,3,0.95,2.85,8,BEBIDAS
2024-08-03,CAMAMILLA,1,0.55,0.55,8,OTROS
2024-08-03,HIGIÈNIC DOBLE ROTLL,1,4.6,4.6,8,LIMPIEZA Y HOGAR
2024-08-03,ACOND REPARA,1,2.95,2.95,8,OTROS
2024-08-03,ROTLLE LLAR DOBLE,1,2.25,2.25,8,PANADERÍA Y BOLLERÍA
2024-08-03,SUAVITZANT DELICAT,1,1.85,1.85,8,BEBIDAS
2024-08-03,FUSILLI SENSE GLUTEN,1,1.95,1.95,8,BEBIDAS
2024-08-03,TONYINA CLARA OLIV,1,5.15,5.15,8,CONSERVAS Y OTROS
2024-08-03,RAÏM BLANC SENSE PEP,1,2.71,2.71,8,FRUTA Y VERDURA
2024-08-03,RAÏM VERMELLA SENSE,1,2.43,2.43,8,FRUTA Y VERDURA
2024-08-03,SALSIT FRANKFURT FOR,1,1.85,1.85,8,CHARCUTERÍA
2024-08-05,AGUA MINERAL,3,0.67,2.01,8,BEBIDAS
2024-08-05,BEBER FRUTAS BOSQUE,1,2.05,2.05,8,BEBIDAS
2024-08-05,BURGER VACUNO CERDO,1,3.78,3.78,8,OTROS
2024-08-05,MARGARINA FLORA,1,2.95,2.95,8,OTROS
2024-08-05,QUESO FRESCO ENSALAD,1,1.95,1.95,8,CONSERVAS Y OTROS
2024-08-05,MORTADELA ACEITUNAS,1,1.25,1.25,8,CHARCUTERÍA
2024-08-05,COPOS DE AVENA,1,0.9,0.9,8,OTROS
2024-08-05,DET LIQ PRENDA DELIC,1,2.5,2.5,8,OTROS
2024-08-05,GEL FRESCOR AZUL,1,1.0,1.0,8,LIMPIEZA Y HOGAR
2024-08-05,PROT. DRY NORMAL,1,2.1,2.1,8,CHARCUTERÍA
2024-08-05,CHAMPÚ AC MENTOL,1,2.3,2.3,8,OTROS
2024-08-05,PISTACHO NATURAL,2,2.64,5.28,8,OTROS
2024-08-05,QUESO LONCHAS MOZZAR,1,1.7,1.7,8,OTROS
2024-08-05,CUQUITOS,1,0.75,0.75,8,SNACKS Y GOLOSINAS
2024-08-05,FILM TRANSPARENTE,1,1.85,1.85,8,BEBIDAS
2024-08-05,COLGATE ANTICARIES,1,1.95,1.95,8,BEBIDAS
2024-08-05,AROS DE MAÍZ,1,0.85,0.85,8,PASTA Y ARROZ
2024-08-07,BEBER FRUTAS BOSQUE,1,2.05,2.05,8,BEBIDAS
2024-08-07,MARGARINA FLORA,1,2.95,2.95,8,OTROS
2024-08-07,ISOTÓNICO BLUE,3,0.6,1.8,8,BEBIDAS
2024-08-07,POWERADE ICE STORM,1,1.45,1.45,8,BEBIDAS
2024-08-07,BEBIDA AVENA,2,0.95,1.9,8,BEBIDAS
2024-08-07,PISTACHO NATURAL,1,2.64,2.64,8,OTROS
2024-08-07,CHOCO LECHE CLASSIC,2,1.25,2.5,8,BEBIDAS
2024-08-07,GOLOSINAS MINI MIX,1,1.6,1.6,8,SNACKS Y GOLOSINAS
2024-08-07,CÁP. CLASSIC,1,3.05,3.05,8,OTROS
2024-08-07,AROS DE MAÍZ,1,0.85,0.85,8,PASTA Y ARROZ
2024-08-07,PAPEL HUMEDO WC,2,1.55,3.1,8,OTROS
2024-08-10,CUQUITOS,1,0.75,0.75,8,SNACKS Y GOLOSINAS
2024-08-10,BANDA CORTAR,1,1.5,1.5,8,OTROS
2024-08-10,AROS DE MAÍZ,1,0.85,0.85,8,PASTA Y ARROZ
2024-08-10,BEBIDA AVENA,2,0.95,1.9,8,BEBIDAS
2024-08-10,APOSITO CLASSIC,1,1.0,1.0,8,OTROS
2024-08-10,BEBER FRUTAS BOSQUE,1,2.05,2.05,8,BEBIDAS
2024-08-10,PULGUITA,1,0.17,0.17,8,OTROS
2024-08-10,DENTIFRICO BICARBONA,1,1.75,1.75,8,CUIDADO PERSONAL
2024-08-10,TOMATE ENSALADA BAND,1,2.12,2.12,8,FRUTA Y VERDURA
2024-08-10,ROLLO HOGAR DOBLE,1,2.25,2.25,8,OTROS
2024-08-10,COPOS DE AVENA,1,0.9,0.9,8,OTROS
2024-08-21,CUIDACOL NATURAL,1,2.6,2.6,8,CUIDADO PERSONAL
2024-08-21,RAÏM VERMELLA SENSE,1,2.63,2.63,8,FRUTA Y VERDURA
2024-08-21,BEURE FRUITES BOSC,1,2.05,2.05,8,BEBIDAS
2024-08-21,LLET SENCERA,1,0.91,0.91,8,LÁCTEOS Y HUEVOS
2024-08-21,RAÏM BLANC SENSE PEP,1,2.37,2.37,8,FRUTA Y VERDURA
2024-08-21,BÍFIDUS NATURAL,1,1.25,1.25,8,LÁCTEOS Y HUEVOS
2024-08-21,FORMATGE TALLS LIGHT,1,2.32,2.32,8,LÁCTEOS Y HUEVOS
2024-10-28,OLI VERGE,1,22.5,22.5,10,CONSERVAS Y OTROS
2024-10-28,BÍFIDUS NATURAL,1,1.25,1.25,10,LÁCTEOS Y HUEVOS
2024-10-29,LLET SENCERA,1,0.92,0.92,10,LÁCTEOS Y HUEVOS
2024-10-29,BÍFIDUS NATURAL,1,1.25,1.25,10,LÁCTEOS Y HUEVOS
2024-10-29,BOSSA PLÀSTIC,1,0.15,0.15,10,LIMPIEZA Y HOGAR
2024-10-29,CERVESA VOLL-DAMM,2,0.99,1.98,10,BEBIDAS
2024-10-29,LLONZA COLL,1,3.91,3.91,10,CHARCUTERÍA
2024-10-31,BÍFIDUS FIBRES I CER,1,1.3,1.3,10,LÁCTEOS Y HUEVOS
2024-10-31,BÍFIDUS NATURAL,1,1.25,1.25,10,LÁCTEOS Y HUEVOS
2024-10-31,BOSSA PLÀSTIC,2,0.15,0.3,10,LIMPIEZA Y HOGAR
2024-10-31,CAMAMILLA,1,0.5,0.5,10,OTROS
2024-10-31,PA DE PESSIC XOC SG,1,2.2,2.2,10,PANADERÍA Y BOLLERÍA
2024-10-31,BEURE FRUITES BOSC,1,2.05,2.05,10,BEBIDAS
2024-10-31,CERVESA VOLL-DAMM,2,0.99,1.98,10,BEBIDAS
2024-10-31,TALLS DE LLOM,1,2.94,2.94,10,CHARCUTERÍA
2024-10-31,FORMATGE TALLS LIGHT,1,2.36,2.36,10,LÁCTEOS Y HUEVOS
2024-11-02,CIVADA CRUNCHY,1,1.9,1.9,11,SNACKS Y GOLOSINAS
2024-11-02,RAÏM VERMELLA SENSE,1,2.67,2.67,11,FRUTA Y VERDURA
2024-11-02,FLOCS DE CIVADA,1,1.35,1.35,11,FRUTA Y VERDURA
2024-11-02,GREC NATURAL,1,2.4,2.4,11,LÁCTEOS Y HUEVOS
2024-11-02,GOLOSINAS MINI MIX,1,1.6,1.6,11,SNACKS Y GOLOSINAS
2024-11-02,PAPER HUMIT WC,3,1.55,4.65,11,LIMPIEZA Y HOGAR
2024-11-02,BEURE FRUITES BOSC,1,2.05,2.05,11,BEBIDAS
2024-11-02,GEL COCO,1,1.5,1.5,11,CUIDADO PERSONAL
2024-11-02,NATA ESPRAI,1,1.65,1.65,11,LÁCTEOS Y HUEVOS
2024-11-02,BEGUDA AVENA,3,0.95,2.85,11,BEBIDAS
2024-11-02,CERVESA,4,0.85,3.4,11,BEBIDAS
2024-11-02,XAMPÚ REPARA I PROT.,1,2.95,2.95,11,CHARCUTERÍA
2024-11-02,CERVESA,1,8.28,8.28,11,BEBIDAS
2024-11-02,TARONJA ZERO,1,0.75,0.75,11,FRUTA Y VERDURA
2024-11-02,TE AMB LLIMONA,1,0.99,0.99,11,BEBIDAS
2024-11-02,DESODORANT BOLA DOVE,1,2.5,2.5,11,LIMPIEZA Y HOGAR
2024-11-02,PATATES SERRANO,1,1.15,1.15,11,BEBIDAS
2024-11-02,BLANQUEJADOR DENTIFR,1,3.85,3.85,11,LIMPIEZA Y HOGAR
2024-11-02,PATATA FORM. CURAT,1,1.15,1.15,11,FRUTA Y VERDURA
2024-11-02,PATATES XURRERIA,1,1.05,1.05,11,BEBIDAS
2024-11-02,RAÏM BLANC SENSE PEP,1,3.29,3.29,11,FRUTA Y VERDURA
2024-11-02,OLIVA AMANIDA,1,1.85,1.85,11,CONSERVAS Y OTROS
2024-11-02,FORMATGE TALLS LIGHT,1,2.32,2.32,11,LÁCTEOS Y HUEVOS
2024-11-02,VACA TALLAT,1,2.5,2.5,11,OTROS
2024-11-02,COSTELLA XURRASCO,1,6.0,6.0,11,BEBIDAS
2024-11-02,ARRÒS LLARG,2,1.38,2.76,11,PASTA Y ARROZ
2024-11-02,GARROFÓ,1,1.53,1.53,11,FRUTA Y VERDURA
2024-11-02,PASTÍS NATA-XOCOLATA,1,1.95,1.95,11,LÁCTEOS Y HUEVOS
2024-11-02,BOSSA RÀFIA,1,0.65,0.65,11,OTROS
2024-11-06,RAÏM BLANC SENSE PEP,1,2.8,2.8,11,FRUTA Y VERDURA
2024-11-06,BEURE FRUITES BOSC,1,2.05,2.05,11,BEBIDAS
2024-11-06,MINI BURG POLLASTRE,1,2.7,2.7,11,PANADERÍA Y BOLLERÍA
2024-11-06,PATATES BRAVES ALLIO,1,2.5,2.5,11,BEBIDAS
2024-11-06,CAMAMILLA,1,0.5,0.5,11,OTROS
2024-11-06,FORMATGE TALLS LIGHT,1,2.46,2.46,11,LÁCTEOS Y HUEVOS
2024-11-08,HIGIÈNIC DOBLE ROTLL,1,4.7,4.7,11,LIMPIEZA Y HOGAR
2024-11-08,ROTLLE LLAR DOBLE,1,2.35,2.35,11,PANADERÍA Y BOLLERÍA
2024-11-08,BOVÍ DAUS ANOLL,1,7.22,7.22,11,CHARCUTERÍA
2024-11-08,PA DE FORMATGE,2,0.45,0.9,11,PANADERÍA Y BOLLERÍA
2024-11-08,GREC NATURAL,1,2.4,2.4,11,LÁCTEOS Y HUEVOS
2024-11-08,RAÏM VERMELLA SENSE,1,2.38,2.38,11,FRUTA Y VERDURA
2024-11-08,BEURE FRUITES BOSC,1,2.05,2.05,11,BEBIDAS
2024-11-08,BÍFIDUS NATURAL,1,1.25,1.25,11,LÁCTEOS Y HUEVOS
2024-11-08,GNOCCHI QUESOS,1,2.05,2.05,11,PASTA Y ARROZ
2024-11-08,BEGUDA AVENA,1,0.95,0.95,11,BEBIDAS
2024-11-08,ARRÒS LLARG,1,1.38,1.38,11,PASTA Y ARROZ
2024-11-08,LLET SENCERA,1,0.92,0.92,11,LÁCTEOS Y HUEVOS
2024-11-08,BÍF FRUITES SIL,1,1.3,1.3,11,BEBIDAS
2024-11-08,TOMÀQUET TRITURAT,1,0.65,0.65,11,FRUTA Y VERDURA
2024-11-08,FORMATGE RATLLAT POL,1,1.71,1.71,11,LÁCTEOS Y HUEVOS
2024-11-08,FORMATGE TALLS LIGHT,1,2.27,2.27,11,LÁCTEOS Y HUEVOS
2024-11-08,ROTI POLLASTRE,1,3.0,3.0,11,PLATOS PREPARADOS
2024-11-12,BAGUET,1,0.56,0.56,11,PANADERÍA Y BOLLERÍA
2024-11-12,BEURE FRUITES BOSC,1,2.05,2.05,11,BEBIDAS
2024-11-12,GEL AMB LLEIXIU,1,1.9,1.9,11,LIMPIEZA Y HOGAR
2024-11-12,BEGUDA AVENA,2,0.95,1.9,11,BEBIDAS
2024-11-12,LLET SENCERA,2,0.92,1.84,11,LÁCTEOS Y HUEVOS
2024-11-12,DESGREIXADOR PISTOLA,1,3.7,3.7,11,LIMPIEZA Y HOGAR
2024-11-12,GREC NATURAL,1,2.4,2.4,11,LÁCTEOS Y HUEVOS
2024-11-12,NETEJADOR ESPONJÓS F,1,1.55,1.55,11,BEBIDAS
2024-11-12,BOSSES ES.CUBELL ALT,1,1.85,1.85,11,LIMPIEZA Y HOGAR
2024-11-12,BÍFIDUS NATURAL,1,1.25,1.25,11,LÁCTEOS Y HUEVOS
2024-11-12,VIDRES MULTIUSOS,1,1.0,1.0,11,BEBIDAS
2024-11-12,BATUT VAINILLA PAQUE,1,1.65,1.65,11,OTROS
2024-11-12,PÈSOL FI,1,1.58,1.58,11,CONSERVAS Y OTROS
2024-11-12,FORMATGE TALLS LIGHT,1,2.4,2.4,11,LÁCTEOS Y HUEVOS
2024-11-12,PA VIENA,2,0.4,0.8,11,PANADERÍA Y BOLLERÍA
2024-11-15,BEURE FRUITES BOSC,1,2.05,2.05,11,BEBIDAS
2024-11-15,FILM TRANSPARENT,1,1.85,1.85,11,LIMPIEZA Y HOGAR
2024-11-15,FARINA DE CIGRÓ,1,2.0,2.0,11,OTROS
2024-11-15,PAPER HUMIT WC,2,1.55,3.1,11,LIMPIEZA Y HOGAR
2024-11-15,DET. BLANCA I COLOR,1,5.65,5.65,11,LIMPIEZA Y HOGAR
2024-11-15,LS PATATA PANADERA,1,2.5,2.5,11,FRUTA Y VERDURA
2024-11-15,CERVESA VOLL-DAMM,2,0.99,1.98,11,BEBIDAS
2024-11-15,PERNIL SERRÀ SOBRE,1,4.1,4.1,11,CHARCUTERÍA
2024-11-15,FORMATGE TALLS LIGHT,1,2.49,2.49,11,LÁCTEOS Y HUEVOS
2024-11-15,TALL PIT FI,1,4.29,4.29,11,CHARCUTERÍA
2024-11-15,TALL PIT FI,1,4.53,4.53,11,CHARCUTERÍA
2024-11-15,BÍFIDUS NATURAL,1,1.25,1.25,11,LÁCTEOS Y HUEVOS
2024-11-15,XAMPÚ REPARA I PROT.,1,2.95,2.95,11,CHARCUTERÍA
2024-11-15,PA DE FORMATGE,2,0.45,0.9,11,PANADERÍA Y BOLLERÍA
2024-11-15,LLONGANISSA POBLE,1,3.3,3.3,11,CHARCUTERÍA
2024-11-15,COSTELLA XURRASCO,1,6.54,6.54,11,BEBIDAS
2024-11-15,BLANQUEJADOR DENTIFR,1,3.85,3.85,11,LIMPIEZA Y HOGAR
2024-11-15,LLENTIA PARDINA,1,2.14,2.14,11,PASTA Y ARROZ
2024-11-15,ARRÒS LLARG,1,1.38,1.38,11,PASTA Y ARROZ
2024-11-15,TOTAL ACTION ELIX.,1,1.35,1.35,11,OTROS
2024-11-15,NOCILLA ORIGINAL,1,3.65,3.65,11,OTROS
2024-11-15,MINI BURGER MIXTA,1,2.65,2.65,11,PANADERÍA Y BOLLERÍA
2024-11-15,TONYINA CLARA OLIV,1,5.15,5.15,11,CONSERVAS Y OTROS
2024-11-15,TOMÀQUET R. ARTESANA,2,1.5,3.0,11,FRUTA Y VERDURA
2024-11-15,PATATES FREGIDES SAL,1,1.99,1.99,11,BEBIDAS
2024-11-15,FESTUC NATURAL,1,2.69,2.69,11,SNACKS Y GOLOSINAS
2024-11-15,RAÏM VERMELLA SENSE,1,2.24,2.24,11,FRUTA Y VERDURA
2024-11-15,RAÏM BLANC SENSE PEP,1,2.69,2.69,11,FRUTA Y VERDURA
2024-11-15,BOSSA PLÀSTIC,1,0.15,0.15,11,LIMPIEZA Y HOGAR
2024-11-15,ENSALADILLA,1,1.33,1.33,11,OTROS
2024-11-16,COMP. CLÀSSICA NORM,2,1.1,2.2,11,CUIDADO PERSONAL
2024-11-16,COMP. CLÀSSICA PLEG,1,1.2,1.2,11,CUIDADO PERSONAL
2024-11-16,TAMPAX COMPAK REG.,1,2.7,2.7,11,CUIDADO PERSONAL
2024-11-16,TAMPAX COMPAK S.PLUS,1,3.5,3.5,11,CUIDADO PERSONAL
2024-11-16,BOSSA PLÀSTIC,1,0.15,0.15,11,LIMPIEZA Y HOGAR
2024-11-18,GREC NATURAL,1,2.4,2.4,11,LÁCTEOS Y HUEVOS
2024-11-18,BOSSA PLÀSTIC,1,0.15,0.15,11,LIMPIEZA Y HOGAR
2024-11-18,BEGUDA AVENA,1,0.95,0.95,11,BEBIDAS
2024-11-18,NAPOLITANA MIXTA,1,0.9,0.9,11,PANADERÍA Y BOLLERÍA
2024-11-18,PASTÍS FORMATGE,1,1.8,1.8,11,LÁCTEOS Y HUEVOS
2024-11-18,LLET SENCERA,2,0.92,1.84,11,LÁCTEOS Y HUEVOS
2024-11-18,PA VIENA,2,0.4,0.8,11,PANADERÍA Y BOLLERÍA
2024-11-18,BÍFIDUS NATURAL,1,1.25,1.25,11,LÁCTEOS Y HUEVOS
2024-11-19,CIVADA CRUNCHY,1,1.9,1.9,11,SNACKS Y GOLOSINAS
2024-11-19,FLOCS DE CIVADA,1,1.35,1.35,11,FRUTA Y VERDURA
2024-11-19,BÍFIDUS MANGO,1,1.3,1.3,11,LÁCTEOS Y HUEVOS
2024-11-19,BÍFIDUS NATURAL,1,1.25,1.25,11,LÁCTEOS Y HUEVOS
2024-11-19,FORMATGE RATLLAT POL,1,1.71,1.71,11,LÁCTEOS Y HUEVOS
2024-11-19,FUSILLI SENSE GLUTEN,1,2.0,2.0,11,BEBIDAS
2024-11-19,PA VIENA,2,0.4,0.8,11,PANADERÍA Y BOLLERÍA
2024-11-19,RAÏM BLANC SENSE PEP,1,2.78,2.78,11,FRUTA Y VERDURA
2024-11-22,BEGUDA AVENA,2,0.95,1.9,11,BEBIDAS
2024-11-22,LLET SENCERA,3,0.92,2.76,11,LÁCTEOS Y HUEVOS
2024-11-22,CAMAMILLA,1,0.5,0.5,11,OTROS
2024-11-22,GEL COCO,1,1.5,1.5,11,CUIDADO PERSONAL
2024-11-22,SUAVITZANT DELICAT,1,1.85,1.85,11,BEBIDAS
2024-11-22,BEURE FRUITES BOSC,1,2.05,2.05,11,BEBIDAS
2024-11-22,PAPER HUMIT WC,2,1.55,3.1,11,LIMPIEZA Y HOGAR
2024-11-22,BÍFIDUS FIBRES I CER,1,1.3,1.3,11,LÁCTEOS Y HUEVOS
2024-11-22,BÍFIDUS NATURAL,1,1.25,1.25,11,LÁCTEOS Y HUEVOS
2024-11-22,RIOJA CRIANÇA,1,3.0,3.0,11,OTROS
2024-11-22,DESEMBUSSADOR TURBO,1,1.7,1.7,11,LIMPIEZA Y HOGAR
2024-11-22,GREC NATURAL,1,2.4,2.4,11,LÁCTEOS Y HUEVOS
2024-11-22,RAÏM BLANC SENSE PEP,1,2.59,2.59,11,FRUTA Y VERDURA
2024-11-22,COSTELLA XURRASCO,1,5.14,5.14,11,BEBIDAS
2024-11-22,RAÏM VERMELLA SENSE,1,2.15,2.15,11,FRUTA Y VERDURA
2024-11-22,CERVESA VOLL-DAMM,2,0.99,1.98,11,BEBIDAS
2024-11-22,TOMÀQUET TRITURAT,1,0.65,0.65,11,FRUTA Y VERDURA
2024-11-22,AS. HERBES PROVENÇAL,1,1.0,1.0,11,OTROS
2024-11-22,PERNIL SERRÀ SOBRE,1,4.1,4.1,11,CHARCUTERÍA
2024-11-22,FORMATGE TALLS LIGHT,1,2.5,2.5,11,LÁCTEOS Y HUEVOS
2024-11-22,CEBA TUB,1,1.6,1.6,11,FRUTA Y VERDURA
2024-11-22,HIGIÈNIC DOBLE ROTLL,1,4.7,4.7,11,LIMPIEZA Y HOGAR
2024-11-23,ROTLLE LLAR DOBLE,1,2.35,2.35,11,PANADERÍA Y BOLLERÍA
2024-11-23,SOPA MERAVELLA,3,0.65,1.95,11,CONSERVAS Y OTROS
2024-11-23,BOVÍ DAUS ANOLL,1,8.71,8.71,11,CHARCUTERÍA
2024-11-23,REMOLATXA CUITA,1,0.99,0.99,11,FRUTA Y VERDURA
2024-11-23,TOMÀQUET NATURAL RAT,1,1.42,1.42,11,FRUTA Y VERDURA
2024-11-23,GEL OLIVA,1,1.4,1.4,11,CONSERVAS Y OTROS
2024-11-23,FORMATGE SEMI TALLAT,1,4.61,4.61,11,LÁCTEOS Y HUEVOS
2024-11-25,CUIDACOL NATURAL,1,2.6,2.6,11,CUIDADO PERSONAL
2024-11-25,BATUT XOCOLATA PAQUE,1,1.5,1.5,11,OTROS
2024-11-25,BEURE FRUITES BOSC,1,2.05,2.05,11,BEBIDAS
2024-11-25,FORMATGE TALLS LIGHT,1,2.43,2.43,11,LÁCTEOS Y HUEVOS
2024-11-25,CAMAMILLA,1,0.5,0.5,11,OTROS
2024-11-25,FUSILLI SENSE GLUTEN,1,2.0,2.0,11,BEBIDAS
2024-11-25,RAÏM BLANC SENSE PEP,1,2.73,2.73,11,FRUTA Y VERDURA
2024-11-25,RAÏM VERMELLA SENSE,1,2.41,2.41,11,FRUTA Y VERDURA
2024-11-25,BRAVAS,1,2.5,2.5,11,OTROS
2024-11-27,GREC NATURAL,1,2.4,2.4,11,LÁCTEOS Y HUEVOS
2024-11-27,LLET SENCERA,1,0.92,0.92,11,LÁCTEOS Y HUEVOS
2024-11-27,BOSSA PLÀSTIC,2,0.15,0.3,11,LIMPIEZA Y HOGAR
2024-11-27,BEGUDA AVENA,1,0.95,0.95,11,BEBIDAS
2024-11-27,PA VIENA,2,0.4,0.8,11,PANADERÍA Y BOLLERÍA
2024-11-29,HIGIÈNIC DOBLE ROTLL,1,4.7,4.7,11,LIMPIEZA Y HOGAR
2024-11-29,PAPER HUMIT WC,2,1.55,3.1,11,LIMPIEZA Y HOGAR
2024-11-29,LLET SENCERA,2,0.92,1.84,11,LÁCTEOS Y HUEVOS
2024-11-29,BEGUDA AVENA,1,0.95,0.95,11,BEBIDAS
2024-11-29,GREC NATURAL,1,2.4,2.4,11,LÁCTEOS Y HUEVOS
2024-11-29,BÍFIDUS FIBRES I CER,1,1.3,1.3,11,LÁCTEOS Y HUEVOS
2024-11-29,BÍFIDUS NATURAL,1,1.25,1.25,11,LÁCTEOS Y HUEVOS
2024-11-29,COSTELLA XURRASCO,1,5.08,5.08,11,BEBIDAS
2024-11-29,ROTLLE LLAR DOBLE,1,2.35,2.35,11,PANADERÍA Y BOLLERÍA
2024-11-29,BRAVAS,1,2.5,2.5,11,OTROS
2024-11-29,LLONZA COLL,1,4.32,4.32,11,CHARCUTERÍA
2024-11-29,FORMATGE TALLS LIGHT,1,2.2,2.2,11,LÁCTEOS Y HUEVOS
2024-11-29,MINI BURGER MIXTA,1,2.65,2.65,11,PANADERÍA Y BOLLERÍA
2024-11-29,PA DE FORMATGE,2,0.45,0.9,11,PANADERÍA Y BOLLERÍA
2024-11-29,FESTUC NATURAL,1,2.69,2.69,11,SNACKS Y GOLOSINAS
2024-11-29,PERNIL SERRÀ SOBRE,1,4.1,4.1,11,CHARCUTERÍA
2024-11-29,MOZZARELLA BUFALA,1,1.72,1.72,11,LÁCTEOS Y HUEVOS
2024-11-29,TOMÀQUET R. ARTESANA,1,1.5,1.5,11,FRUTA Y VERDURA
2024-11-29,CR. MANOS HIDRATANTE,1,1.0,1.0,11,BEBIDAS
2024-11-29,RAÏM VERMELLA SENSE,1,2.41,2.41,11,FRUTA Y VERDURA
2024-11-29,RAÏM BLANC SENSE PEP,1,2.35,2.35,11,FRUTA Y VERDURA
2024-12-03,BAGUET,1,0.56,0.56,12,PANADERÍA Y BOLLERÍA
2024-12-03,NAPOLITANA MIXTA,1,0.9,0.9,12,PANADERÍA Y BOLLERÍA
2024-12-03,BEURE FRUITES BOSC,1,2.05,2.05,12,BEBIDAS
2024-12-03,BEGUDA AVENA,1,0.95,0.95,12,BEBIDAS
2024-12-03,PÈSOL FI,1,1.58,1.58,12,CONSERVAS Y OTROS
2024-12-03,BÍF FRUITES SIL,1,1.3,1.3,12,BEBIDAS
2024-12-03,BÍFIDUS NATURAL,1,1.25,1.25,12,LÁCTEOS Y HUEVOS
2024-12-03,PERNIL SERRÀ SOBRE,1,4.1,4.1,12,CHARCUTERÍA
2024-12-03,FORMATGE TALLS LIGHT,1,2.43,2.43,12,LÁCTEOS Y HUEVOS
2024-12-03,RAÏM BLANC SENSE PEP,1,2.66,2.66,12,FRUTA Y VERDURA
2024-12-03,RAÏM VERMELLA SENSE,1,2.47,2.47,12,FRUTA Y VERDURA
2024-12-03,CAMAMILLA,1,0.5,0.5,12,OTROS
2024-12-05,PA DE FORMATGE,2,0.45,0.9,12,PANADERÍA Y BOLLERÍA
2024-12-05,AIGUA SENSE GAS,1,0.5,0.22,12,OTROS
2024-12-05,FORMATGE TALLS LIGHT,1,2.2,2.2,12,LÁCTEOS Y HUEVOS
2024-12-05,BEURE FRUITES BOSC,1,2.05,2.05,12,BEBIDAS
2024-12-05,RAÏM BLANC SENSE PEP,1,3.12,3.12,12,FRUTA Y VERDURA
2024-12-05,BÍF FRUITES SIL,1,1.3,1.3,12,BEBIDAS
2024-12-05,BÍFIDUS NATURAL,1,1.25,1.25,12,LÁCTEOS Y HUEVOS
2024-12-05,RAÏM VERMELLA SENSE,1,2.34,2.34,12,FRUTA Y VERDURA
2024-12-14,HIGIÈNIC DOBLE ROTLL,1,4.7,4.7,12,LIMPIEZA Y HOGAR
2024-12-14,ARRÒS LLARG,2,1.38,2.76,12,PASTA Y ARROZ
2024-12-14,BÍFIDUS MANGO,1,1.3,1.3,12,LÁCTEOS Y HUEVOS
2024-12-14,BÍFIDUS FIBRES I CER,1,1.3,1.3,12,LÁCTEOS Y HUEVOS
2024-12-14,CIVADA CRUNCHY,1,1.9,1.9,12,SNACKS Y GOLOSINAS
2024-12-14,BEGUDA AVENA,2,0.95,1.9,12,BEBIDAS
2024-12-14,VALENCIANA,1,2.4,2.4,12,OTROS
2024-12-14,PERNIL CUIT LF,1,2.05,2.05,12,CHARCUTERÍA
2024-12-14,FORMATGE TALLS LIGHT,1,2.38,2.38,12,LÁCTEOS Y HUEVOS
2024-12-14,RAÏM BLANC SENSE PEP,1,2.7,2.7,12,FRUTA Y VERDURA
2024-12-14,CAMAMILLA,1,0.55,0.55,12,OTROS
2024-12-14,COSTELLA XURRASCO,1,4.36,4.36,12,BEBIDAS
2024-12-14,MOZZARELLA BUFALA,1,1.72,1.72,12,LÁCTEOS Y HUEVOS
2024-12-14,TOMÀQUET R. ARTESANA,2,1.5,3.0,12,FRUTA Y VERDURA
2024-12-17,PA VIENA,2,0.4,0.8,12,PANADERÍA Y BOLLERÍA
2024-12-17,PA DE FORMATGE,2,0.45,0.9,12,PANADERÍA Y BOLLERÍA
2024-12-17,BEURE FRUITES BOSC,1,2.05,2.05,12,BEBIDAS
2024-12-17,FILM TRANSPARENT,1,1.85,1.85,12,LIMPIEZA Y HOGAR
2024-12-17,FUET ESPETEC EXTRA,1,2.57,2.57,12,CHARCUTERÍA
2024-12-17,FORMATGE SANDWICH,1,1.28,1.28,12,LÁCTEOS Y HUEVOS
2024-12-17,BEGUDA AVENA,2,0.95,1.9,12,BEBIDAS
2024-12-17,BÍFIDUS FIBRES I CER,1,1.3,1.3,12,LÁCTEOS Y HUEVOS
2024-12-17,NOCILLA ORIGINAL,1,3.85,3.85,12,OTROS
2024-12-17,RAÏM BLANC SENSE PEP,1,2.56,2.56,12,FRUTA Y VERDURA
2024-12-17,PERNIL SERRÀ SOBRE,1,4.1,4.1,12,CHARCUTERÍA
2024-12-17,FORMATGE RATLLAT POL,1,1.71,1.71,12,LÁCTEOS Y HUEVOS
2024-12-17,FORMATGE TALLS LIGHT,1,2.29,2.29,12,LÁCTEOS Y HUEVOS
2024-12-17,BRAVAS,1,2.5,2.5,12,OTROS
2024-12-17,GNOCCHI QUESOS,1,2.05,2.05,12,PASTA Y ARROZ
2024-12-21,ROTLLE LLAR DOBLE,1,2.35,2.35,12,PANADERÍA Y BOLLERÍA
2024-12-21,CAFÈ MÒLT BARREJA,1,4.45,4.45,12,BEBIDAS
2024-12-21,DETERGENT ROBA COLOR,1,4.2,4.2,12,BEBIDAS
2024-12-21,NATA PER CUINAR,1,1.75,1.75,12,LÁCTEOS Y HUEVOS
2024-12-21,ENCENEDOR CUINA WAVE,1,2.57,2.57,12,OTROS
2024-12-21,RECANVI TIRÀS MFIBRA,1,3.5,3.5,12,BEBIDAS
2024-12-21,PAPER HUMIT WC,2,1.55,3.1,12,LIMPIEZA Y HOGAR
2024-12-21,FORMATGE RATLLAT POL,1,1.71,1.71,12,LÁCTEOS Y HUEVOS
2024-12-21,GEL COCO,1,1.5,1.5,12,CUIDADO PERSONAL
2024-12-21,BEGUDA AVENA,1,0.95,0.95,12,BEBIDAS
2024-12-21,TIRÀS ATRAPAPOLS,1,4.5,4.5,12,LIMPIEZA Y HOGAR
2024-12-21,SAL FINA,1,0.4,0.4,12,OTROS
2024-12-21,CR. MANOS HIDRATANTE,1,1.0,1.0,12,BEBIDAS
2024-12-21,FESTUC NATURAL,2,2.69,5.38,12,SNACKS Y GOLOSINAS
2024-12-23,OLI VERGE,1,17.95,17.95,12,CONSERVAS Y OTROS
2024-12-23,FLOCS DE CIVADA,1,1.35,1.35,12,FRUTA Y VERDURA
2024-12-23,FUSILLI SENSE GLUTEN,1,2.0,2.0,12,BEBIDAS
2024-12-23,FARINA ARRÒS,1,1.28,1.28,12,PASTA Y ARROZ
2024-12-23,CAMAMILLA,1,0.55,0.55,12,OTROS
2024-12-23,AMETLLA MÒLTA,1,2.11,2.11,12,OTROS
2024-12-23,FORMATGE FRESC AMANI,1,1.99,1.99,12,LÁCTEOS Y HUEVOS
2024-12-23,MOZZARELLA BUFALA,1,1.72,1.72,12,LÁCTEOS Y HUEVOS
2024-12-23,NATA ESPRAI,1,1.65,1.65,12,LÁCTEOS Y HUEVOS
2024-12-23,TOMÀQUET R. ARTESANA,2,1.5,3.0,12,FRUTA Y VERDURA
2024-12-23,BRAVAS,1,2.5,2.5,12,OTROS
2024-12-27,GREC NATURAL,1,2.27,2.27,12,LÁCTEOS Y HUEVOS
2024-12-27,LLENTIA PARDINA,1,2.14,2.14,12,PASTA Y ARROZ
2024-12-27,LLET SENCERA,4,0.92,3.68,12,LÁCTEOS Y HUEVOS
2024-12-27,BEURE FRUITES BOSC,1,1.94,1.94,12,BEBIDAS
2024-12-27,BÍFIDUS NATURAL,1,1.18,1.18,12,LÁCTEOS Y HUEVOS
2024-12-27,BÍFIDUS FIBRES I CER,1,1.23,1.23,12,LÁCTEOS Y HUEVOS
2024-12-27,CAMAMILLA,1,0.55,0.55,12,OTROS
2024-12-27,BEGUDA AVENA,2,0.95,1.9,12,BEBIDAS
2024-12-27,HIGIÈNIC DOBLE ROTLL,1,4.7,4.7,12,LIMPIEZA Y HOGAR
2024-12-27,FORMATGE TALLS LIGHT,1,2.25,2.25,12,LÁCTEOS Y HUEVOS
2024-12-27,RAÏM BLANC SENSE PEP,1,2.58,2.58,12,FRUTA Y VERDURA
2024-12-27,RAÏM VERMELLA SENSE,1,2.68,2.68,12,FRUTA Y VERDURA
2024-12-30,LLET SENCERA,2,0.92,1.84,12,LÁCTEOS Y HUEVOS
2024-12-30,BEURE FRUITES BOSC,1,1.94,1.94,12,BEBIDAS
2024-12-30,ROTLLE LLAR DOBLE,1,2.35,2.35,12,PANADERÍA Y BOLLERÍA
2024-12-30,BEGUDA AVENA,1,0.95,0.95,12,BEBIDAS
2024-12-30,RAÏM BLANC SENSE PEP,1,2.64,2.64,12,FRUTA Y VERDURA
2024-12-30,GEL COCO,1,1.5,1.5,12,CUIDADO PERSONAL
2024-12-30,ARRÒS LLARG,2,1.38,2.76,12,PASTA Y ARROZ
2024-12-30,RAÏM VERMELLA SENSE,1,2.93,2.93,12,FRUTA Y VERDURA
2024-12-30,MINI BURG POLLASTRE,1,2.7,2.7,12,PANADERÍA Y BOLLERÍA
2024-12-30,FORMATGE RATLLAT POL,1,1.71,1.71,12,LÁCTEOS Y HUEVOS
2024-12-30,TOMÀQUET R. ARTESANA,1,1.5,1.5,12,FRUTA Y VERDURA
2024-12-31,BÍFIDUS MANGO,1,1.23,1.23,12,LÁCTEOS Y HUEVOS
2024-12-31,CUIDACOL NATURAL,1,2.46,2.46,12,CUIDADO PERSONAL
2024-12-31,BOSSA PAPER,1,0.1,0.1,12,PANADERÍA Y BOLLERÍA
2025-01-02,BEURE FRUITES BOSC,1,1.94,1.94,1,BEBIDAS
2025-01-02,BOSSES ES.CUBELL ALT,1,1.85,1.85,1,LIMPIEZA Y HOGAR
2025-01-02,PAPER HUMIT WC,2,1.55,3.1,1,LIMPIEZA Y HOGAR
2025-01-02,TOMÀQUET R. ARTESANA,1,1.5,1.5,1,FRUTA Y VERDURA
2025-01-02,ARRÒS LLARG,1,1.41,1.41,1,PASTA Y ARROZ
2025-01-02,BÍFIDUS NATURAL,1,1.18,1.18,1,LÁCTEOS Y HUEVOS
2025-01-02,FUSILLI SENSE GLUTEN,1,2.05,2.05,1,BEBIDAS
2025-01-02,AS. HERBES PROVENÇAL,1,1.0,1.0,1,OTROS
2025-01-02,RAÏM VERMELLA SENSE,1,2.67,2.67,1,FRUTA Y VERDURA
2025-01-03,CAFÈ MÒLT NATURAL,1,4.45,4.45,1,BEBIDAS
2025-01-03,BRAVAS,1,2.5,2.5,1,OTROS
2025-01-03,CÒCTEL NATURAL,1,2.5,2.5,1,BEBIDAS
2025-01-03,PERNIL SERRÀ SOBRE,1,4.1,4.1,1,CHARCUTERÍA
2025-01-03,FLOCS DE CIVADA,1,1.35,1.35,1,FRUTA Y VERDURA
2025-01-03,EL PESCAÍTO BLANCO,1,1.95,1.95,1,OTROS
2025-01-03,ALBARIÑO P. ORANTES,1,6.0,6.0,1,BEBIDAS
2025-01-03,AMETLLA MÒLTA,1,2.15,2.15,1,OTROS
2025-01-03,FESTUC NATURAL,2,2.74,5.48,1,SNACKS Y GOLOSINAS
2025-01-03,SUCRE,1,1.1,1.1,1,OTROS
2025-01-03,CERVESA VOLL-DAMM,2,0.99,1.98,1,BEBIDAS
2025-01-03,FUZE TEA LLIMÓ LLAU.,1,0.99,0.99,1,BEBIDAS
2025-01-03,COSTELLA XURRASCO,1,5.68,5.68,1,BEBIDAS
2025-01-03,COSTELLA XURRASCO,1,4.33,4.33,1,BEBIDAS
2025-01-03,COSTELLA XURRASCO,1,5.81,5.81,1,BEBIDAS
2025-01-07,BEURE FRUITES BOSC,1,1.94,1.94,1,BEBIDAS
2025-01-07,CAMAMILLA,1,0.55,0.55,1,OTROS
2025-01-07,TOTAL ACTION ELIX.,1,1.35,1.35,1,OTROS
2025-01-07,PA VIENA,2,0.4,0.8,1,PANADERÍA Y BOLLERÍA
2025-01-07,RAÏM VERMELLA SENSE,1,2.77,2.77,1,FRUTA Y VERDURA
2025-01-07,LLET SENCERA,2,0.94,1.88,1,LÁCTEOS Y HUEVOS
2025-01-07,FORMATGE TALLS LIGHT,1,2.36,2.36,1,LÁCTEOS Y HUEVOS
2025-01-07,BRAVAS,1,2.5,2.5,1,OTROS
2025-01-10,HIGIÈNIC DOBLE ROTLL,1,4.7,4.7,1,LIMPIEZA Y HOGAR
2025-01-10,BEURE FRUITES BOSC,1,1.94,1.94,1,BEBIDAS
2025-01-10,BÍFIDUS FIBRES I CER,1,1.23,1.23,1,LÁCTEOS Y HUEVOS
2025-01-10,ROTLLE LLAR DOBLE,1,2.35,2.35,1,PANADERÍA Y BOLLERÍA
2025-01-10,BÍFIDUS MANGO,1,1.23,1.23,1,LÁCTEOS Y HUEVOS
2025-01-10,BÍFIDUS NATURAL,1,1.18,1.18,1,LÁCTEOS Y HUEVOS
2025-01-10,FORMATGE RATLLAT POL,1,1.74,1.74,1,LÁCTEOS Y HUEVOS
2025-01-10,FORMATGE SANDWICH,1,1.31,1.31,1,LÁCTEOS Y HUEVOS
2025-01-10,PERNIL SERRÀ SOBRE,1,4.1,4.1,1,CHARCUTERÍA
2025-01-10,RAÏM VERMELLA SENSE,1,2.69,2.69,1,FRUTA Y VERDURA
2025-01-10,PERNIL CUIT LF,1,2.05,2.05,1,CHARCUTERÍA
2025-01-10,PA DE FORMATGE,2,0.5,1.0,1,PANADERÍA Y BOLLERÍA
2025-01-10,FORMATGE TALLS LIGHT,1,2.49,2.49,1,LÁCTEOS Y HUEVOS
2025-01-10,CERVESA VOLL-DAMM,2,0.99,1.98,1,BEBIDAS
2025-01-10,LLONZA COLL,1,4.07,4.07,1,CHARCUTERÍA
2025-01-10,COSTELLA XURRASCO,1,4.26,4.26,1,BEBIDAS
2025-01-11,SUAVITZANT DELICAT,1,1.9,1.9,1,BEBIDAS
2025-01-11,OLI V.EXTRA,1,2.8,2.8,1,CONSERVAS Y OTROS
2025-01-11,LLENTIA PARDINA,1,2.18,2.18,1,PASTA Y ARROZ
2025-01-11,FORMATGE SEMI TALLAT,1,4.86,4.86,1,LÁCTEOS Y HUEVOS
2025-01-11,TOMÀQUET NATURAL RAT,1,1.45,1.45,1,FRUTA Y VERDURA
2025-01-11,TOMÀQUET R. ARTESANA,1,1.5,1.5,1,FRUTA Y VERDURA
2025-01-11,PAPER HUMIT WC,2,1.55,3.1,1,LIMPIEZA Y HOGAR
2025-01-13,PA VIENA,2,0.4,0.8,1,PANADERÍA Y BOLLERÍA
2025-01-13,BEGUDA AVENA,1,0.95,0.95,1,BEBIDAS
2025-01-13,LLET SENCERA,1,0.94,0.94,1,LÁCTEOS Y HUEVOS
2025-01-13,BÍFIDUS MANGO,1,1.23,1.23,1,LÁCTEOS Y HUEVOS
2025-01-13,BÍFIDUS NATURAL,1,1.18,1.18,1,LÁCTEOS Y HUEVOS
2025-01-13,RAÏM BLANC SENSE PEP,1,2.87,2.87,1,FRUTA Y VERDURA
2025-01-13,MELÓ ENVASAT,1,5.01,5.01,1,FRUTA Y VERDURA
2025-01-13,ARRÒS LLARG,1,1.41,1.41,1,PASTA Y ARROZ
2025-01-13,FILET PIT,1,4.05,4.05,1,CHARCUTERÍA
2025-01-13,FORMATGE TALLS LIGHT,1,2.39,2.39,1,LÁCTEOS Y HUEVOS
2025-01-16,MELÓ ENVASAT,1,3.85,3.85,1,FRUTA Y VERDURA
2025-01-16,GEL AMB LLEIXIU,1,1.9,1.9,1,LIMPIEZA Y HOGAR
2025-01-16,BEGUDA AVENA,1,0.95,0.95,1,BEBIDAS
2025-01-16,PA VIENA,2,0.4,0.8,1,PANADERÍA Y BOLLERÍA
2025-01-16,PAPER HUMIT WC,1,1.55,1.55,1,LIMPIEZA Y HOGAR
2025-01-16,LLET SENCERA,1,0.94,0.94,1,LÁCTEOS Y HUEVOS
2025-01-16,PÈSOL FI,1,1.61,1.61,1,CONSERVAS Y OTROS
2025-01-16,FILET GALL DINDI FI,1,5.09,5.09,1,CHARCUTERÍA
2025-01-16,BRAVAS,1,2.5,2.5,1,OTROS
2025-01-16,PIT GALL DINDI REDUÏ,1,2.2,2.2,1,OTROS
2025-01-16,BOSSA PLÀSTIC,1,0.15,0.15,1,LIMPIEZA Y HOGAR
2025-01-17,CUIDACOL MADUIXA,1,2.46,2.46,1,CUIDADO PERSONAL
2025-01-17,LLET SENCERA,2,0.94,1.88,1,LÁCTEOS Y HUEVOS
2025-01-17,BEURE FRUITES BOSC,1,1.94,1.94,1,BEBIDAS
2025-01-17,LLET DESN,1,0.81,0.81,1,LÁCTEOS Y HUEVOS
2025-01-17,BEGUDA AVENA,2,0.95,1.9,1,BEBIDAS
2025-01-17,CERVESA VOLL-DAMM,2,1.02,2.04,1,BEBIDAS
2025-01-17,BÍF FRUITES SIL,1,1.23,1.23,1,BEBIDAS
2025-01-17,BLANQUEJADOR DENTIFR,2,3.75,7.5,1,LIMPIEZA Y HOGAR
2025-01-17,BÍFIDUS MANGO,1,1.23,1.23,1,LÁCTEOS Y HUEVOS
2025-01-17,TOTAL ACTION ELIX.,1,1.35,1.35,1,OTROS
2025-01-17,FLOCS DE CIVADA,1,1.35,1.35,1,FRUTA Y VERDURA
2025-01-17,MOZZARELLA BUFALA,1,1.75,1.75,1,LÁCTEOS Y HUEVOS
2025-01-17,FLOR. BROCOLI,2,1.58,3.16,1,FRUTA Y VERDURA
2025-01-17,TOMÀQUET R. ARTESANA,2,1.5,3.0,1,FRUTA Y VERDURA
2025-01-17,PERNIL SERRÀ SOBRE,1,4.1,4.1,1,CHARCUTERÍA
2025-01-17,TOM. RECEPTA ARTESAN,1,2.1,2.1,1,FRUTA Y VERDURA
2025-01-17,MANDONGUILLES POLL.,1,5.8,5.8,1,CHARCUTERÍA
2025-01-17,BURGER M BOVÍ PORC,1,3.7,3.7,1,OTROS
2025-01-17,RAÏM BLANC SENSE PEP,1,2.66,2.66,1,FRUTA Y VERDURA
2025-01-17,RAÏM VERMELLA SENSE,1,2.77,2.77,1,FRUTA Y VERDURA
2025-01-17,TOMÀQUET RAMALLET,1,3.47,3.47,1,FRUTA Y VERDURA
2025-01-21,BÍFIDUS MANGO,1,1.23,1.23,1,LÁCTEOS Y HUEVOS
2025-01-21,BRAVAS,1,2.5,2.5,1,OTROS
2025-01-21,BÍF FRUITES SIL,1,1.23,1.23,1,BEBIDAS
2025-01-21,BÍFIDUS NATURAL,1,1.18,1.18,1,LÁCTEOS Y HUEVOS
2025-01-21,BEURE FRUITES BOSC,1,1.94,1.94,1,BEBIDAS
2025-01-21,LLET SENCERA,1,0.94,0.94,1,LÁCTEOS Y HUEVOS
2025-01-21,BEGUDA AVENA,1,0.95,0.95,1,BEBIDAS
2025-01-21,CRUNCHY CHICKEN,1,1.9,1.9,1,SNACKS Y GOLOSINAS
2025-01-21,FILET DE PIT,1,5.16,5.16,1,CHARCUTERÍA
2025-01-21,PA VIENA,3,0.4,1.2,1,PANADERÍA Y BOLLERÍA
2025-01-21,MELÓ ENVASAT,1,3.98,3.98,1,FRUTA Y VERDURA
2025-01-21,RAÏM VERMELLA SENSE,1,2.82,2.82,1,FRUTA Y VERDURA
2025-01-21,CAMAMILLA,1,0.55,0.55,1,OTROS
2025-01-21,PERNIL CUIT LF,1,2.05,2.05,1,CHARCUTERÍA
2025-01-21,BAGUET,1,0.57,0.57,1,PANADERÍA Y BOLLERÍA
2025-01-23,HIGIÈNIC DOBLE ROTLL,1,4.7,4.7,1,LIMPIEZA Y HOGAR
2025-01-23,ROTLLE LLAR DOBLE,1,2.35,2.35,1,PANADERÍA Y BOLLERÍA
2025-01-23,PROT. NORMAL,1,1.85,1.85,1,CHARCUTERÍA
2025-01-23,LLET SENCERA,1,0.94,0.94,1,LÁCTEOS Y HUEVOS
2025-01-23,BEGUDA AVENA,1,0.95,0.95,1,BEBIDAS
2025-01-23,TOTAL ACTION ELIX.,1,1.35,1.35,1,OTROS
2025-01-23,PA VIENA,3,0.4,1.2,1,PANADERÍA Y BOLLERÍA
2025-01-23,RAÏM BLANC SENSE PEP,1,2.73,2.73,1,FRUTA Y VERDURA
2025-01-23,BÍFIDUS MANGO,1,1.23,1.23,1,LÁCTEOS Y HUEVOS
2025-01-23,MELÓ ENVASAT,1,3.01,3.01,1,FRUTA Y VERDURA
2025-01-23,ACOND REPARA,1,3.45,3.45,1,OTROS
2025-01-23,ARRÒS LLARG,1,1.41,1.41,1,PASTA Y ARROZ
2025-01-23,PIT EXTRA T,1,4.56,4.56,1,CHARCUTERÍA
2025-01-24,CEREALS MIEL STARS,1,2.1,2.1,1,OTROS
2025-01-24,FUSILLI SENSE GLUTEN,1,2.05,2.05,1,BEBIDAS
2025-01-24,CINTES DE BACÓ,1,2.2,2.2,1,BEBIDAS
2025-01-24,BÍFIDUS MANGO,1,1.23,1.23,1,LÁCTEOS Y HUEVOS
2025-01-24,CUIDACOL MADUIXA,1,2.46,2.46,1,CUIDADO PERSONAL
2025-01-24,FORMATGE SANDWICH,1,1.31,1.31,1,LÁCTEOS Y HUEVOS
2025-01-24,CERVESA VOLL-DAMM,2,1.02,2.04,1,BEBIDAS
2025-01-24,PERNIL SERRÀ SOBRE,1,4.1,4.1,1,CHARCUTERÍA
2025-01-24,FILET,1,5.76,5.76,1,CHARCUTERÍA
2025-01-27,DETERGENT ROBA COLOR,1,4.2,4.2,1,BEBIDAS
2025-01-27,BEGUDA AVENA,2,0.95,1.9,1,BEBIDAS
2025-01-27,PAPER HUMIT WC,2,1.55,3.1,1,LIMPIEZA Y HOGAR
2025-01-27,PA VIENA,3,0.4,1.2,1,PANADERÍA Y BOLLERÍA
2025-01-27,BÍF FRUITES SIL,1,1.23,1.23,1,BEBIDAS
2025-01-27,BÍFIDUS NATURAL,1,1.18,1.18,1,LÁCTEOS Y HUEVOS
2025-01-27,LLET SENCERA,1,0.94,0.94,1,LÁCTEOS Y HUEVOS
2025-01-27,GEL COCO,1,1.5,1.5,1,CUIDADO PERSONAL
2025-01-27,GARROFÓ,1,1.56,1.56,1,FRUTA Y VERDURA
2025-01-27,PÈSOL FI,1,1.61,1.61,1,CONSERVAS Y OTROS
2025-01-27,MINI BURGER MIXTA,1,2.65,2.65,1,PANADERÍA Y BOLLERÍA
2025-01-27,FILET DE PIT,1,5.24,5.24,1,CHARCUTERÍA
2025-01-27,PIT GALL DINDI REDUÏ,1,2.2,2.2,1,OTROS
2025-01-27,ARRÒS LLARG,1,1.41,1.41,1,PASTA Y ARROZ
2025-01-27,BRAVAS,1,2.5,2.5,1,OTROS
2025-01-27,BLANQUEJADOR DENTIFR,1,3.75,3.75,1,LIMPIEZA Y HOGAR
2025-01-27,TOMÀQUET R. ARTESANA,1,1.5,1.5,1,FRUTA Y VERDURA
2025-01-27,FLOR. BROCOLI,2,1.58,3.16,1,FRUTA Y VERDURA
2025-01-27,RAÏM BLANC SENSE PEP,1,2.66,2.66,1,FRUTA Y VERDURA
2025-01-29,PA VIENA,2,0.4,0.8,1,PANADERÍA Y BOLLERÍA
2025-01-29,FILET CERT,1,4.29,4.29,1,CHARCUTERÍA
2025-01-29,BÍFIDUS NATURAL,1,1.18,1.18,1,LÁCTEOS Y HUEVOS
2025-01-29,RAÏM BLANC SESE PEP,1,2.73,2.73,1,FRUTA Y VERDURA
2025-01-29,BOSSA PLÀSTIC,1,0.15,0.15,1,LIMPIEZA Y HOGAR
2025-01-29,PERNIL CUIT LF,1,2.05,2.05,1,CHARCUTERÍA
2025-01-29,FORMATGE TALLS LIGHT,1,2.36,2.36,1,LÁCTEOS Y HUEVOS
2025-01-29,TOMÀQUET R. ARTESANA,1,1.5,1.5,1,FRUTA Y VERDURA
2025-01-31,AIGUA,1,0.25,0.25,1,OTROS
2025-01-31,BEURE FRUITES BOSC,1,1.94,1.94,1,BEBIDAS
2025-01-31,LLET SENCERA,2,0.94,1.88,1,LÁCTEOS Y HUEVOS
2025-01-31,BEGUDA AVENA,2,0.95,1.9,1,BEBIDAS
2025-01-31,FLOCS DE CIVADA,1,1.35,1.35,1,FRUTA Y VERDURA
2025-01-31,RAÏM VERMELLA SESE,1,2.7,2.7,1,FRUTA Y VERDURA
2025-01-31,PA DE FORMATGE,2,0.5,1.0,1,PANADERÍA Y BOLLERÍA
2025-01-31,PILOTETES,1,4.88,4.88,1,BEBIDAS
2025-01-31,CRUNCHY CHICKEN,1,1.9,1.9,1,SNACKS Y GOLOSINAS
2025-01-31,PERNIL SERRÀ SOBRE,1,4.1,4.1,1,CHARCUTERÍA
2025-01-31,FORMATGE TALLS LIGHT,1,2.45,2.45,1,LÁCTEOS Y HUEVOS
2025-01-31,FORMATGE SANDWICH,1,1.31,1.31,1,LÁCTEOS Y HUEVOS
2025-02-01,VI RIOJA RESERVA,1,4.2,4.2,2,BEBIDAS
2025-02-01,ESPRAI ROBA NETA ELI,1,1.15,1.15,2,OTROS
2025-02-01,BOSSA PLÀSTIC,1,0.15,0.15,2,LIMPIEZA Y HOGAR
2025-02-01,NOU PACANA,1,3.7,3.7,2,SNACKS Y GOLOSINAS
2025-02-01,ALBARIÑO P. ORANTES,1,6.0,6.0,2,BEBIDAS
2025-02-01,PIZZA PERNIL I FORMA,1,2.5,2.5,2,CHARCUTERÍA
2025-02-01,TAMPAX COMPAK SÚPER,1,3.1,3.1,2,CUIDADO PERSONAL
2025-02-01,TAMPAX COMPAK S.PLUS,1,3.5,3.5,2,CUIDADO PERSONAL
2025-02-01,PROT. NORMAL,1,1.85,1.85,2,CHARCUTERÍA
2025-02-01,COMP. CLÀSSICA PLEG,1,1.2,1.2,2,CUIDADO PERSONAL
2025-02-01,COMP. CLÀSSICA NORM,1,1.1,1.1,2,CUIDADO PERSONAL
2025-02-01,HIGIÈNIC DOBLE ROTLL,1,4.7,4.7,2,LIMPIEZA Y HOGAR
2025-02-01,FILM TRANSPARENT,1,1.85,1.85,2,LIMPIEZA Y HOGAR
2025-02-01,PAPER HUMIT WC,2,1.55,3.1,2,LIMPIEZA Y HOGAR
2025-02-03,NETEJADOR ESPONJÓS F,1,1.55,1.55,2,BEBIDAS
2025-02-03,BEURE FRUITES BOSC,1,1.94,1.94,2,BEBIDAS
2025-02-03,LLET SENCERA,2,0.94,1.88,2,LÁCTEOS Y HUEVOS
2025-02-03,TOTAL ACTION ELIX.,1,1.35,1.35,2,OTROS
2025-02-03,BÍF FRUITES SIL,1,1.23,1.23,2,BEBIDAS
2025-02-03,BÍFIDUS FIBRES I CER,1,1.23,1.23,2,LÁCTEOS Y HUEVOS
2025-02-03,PA VIENA,3,0.4,1.2,2,PANADERÍA Y BOLLERÍA
2025-02-03,FILET DE PIT,1,4.58,4.58,2,CHARCUTERÍA
2025-02-03,BÍFIDUS NATURAL,1,1.18,1.18,2,LÁCTEOS Y HUEVOS
2025-02-03,BEGUDA AVENA,2,0.95,1.9,2,BEBIDAS
2025-02-03,BRAVAS,1,2.5,2.5,2,OTROS
2025-02-03,CAMAMILLA,1,0.55,0.55,2,OTROS
2025-02-03,RAÏM BLANC SESE PEP,1,2.84,2.84,2,FRUTA Y VERDURA
2025-02-07,BEGUDA AVENA,2,0.95,1.9,2,BEBIDAS
2025-02-07,LLET SENCERA,2,0.94,1.88,2,LÁCTEOS Y HUEVOS
2025-02-07,BÍFIDUS MANGO,1,1.23,1.23,2,LÁCTEOS Y HUEVOS
2025-02-07,BEURE FRUITES BOSC,1,1.94,1.94,2,BEBIDAS
2025-02-07,FORMATGE RATLLAT PIZ,3,1.62,4.86,2,LÁCTEOS Y HUEVOS
2025-02-07,FORMATGE TALLS LIGHT,1,2.36,2.36,2,LÁCTEOS Y HUEVOS
2025-02-07,FUSILLI SENSE GLUTEN,1,2.05,2.05,2,BEBIDAS
2025-02-07,ARRÒS LLARG,1,1.41,1.41,2,PASTA Y ARROZ
2025-02-07,PERNIL CUIT LF,1,2.05,2.05,2,CHARCUTERÍA
2025-02-07,PIT GALL DINDI REDUÏ,1,2.2,2.2,2,OTROS
2025-02-07,MINI BURG POLLASTRE,1,2.7,2.7,2,PANADERÍA Y BOLLERÍA
2025-02-07,BURGER M BOVÍ PORC,1,3.7,3.7,2,OTROS
2025-02-07,TOM. RECEPTA ARTESAN,1,2.1,2.1,2,FRUTA Y VERDURA
2025-02-07,FORMATGE FRESC AMANI,1,2.03,2.03,2,LÁCTEOS Y HUEVOS
2025-02-07,FILET,1,6.35,6.35,2,CHARCUTERÍA
2025-02-07,FILET,1,6.23,6.23,2,CHARCUTERÍA
2025-02-07,FORMATGE RATLLAT POL,1,1.74,1.74,2,LÁCTEOS Y HUEVOS
2025-02-07,FLOR. BROCOLI,2,1.58,3.16,2,FRUTA Y VERDURA
2025-02-07,TOMÀQUET R. ARTESANA,3,1.5,4.5,2,FRUTA Y VERDURA
2025-02-07,FESTUC NATURAL,1,2.74,2.74,2,SNACKS Y GOLOSINAS
2025-02-07,RAÏM VERMELLA SESE,1,2.82,2.82,2,FRUTA Y VERDURA
2025-02-07,TOMÀQUET RAMALLET,1,3.42,3.42,2,FRUTA Y VERDURA
2025-02-07,RAÏM BLANC SESE PEP,1,2.67,2.67,2,FRUTA Y VERDURA
2025-02-07,TONYINA CLARA OLIV,1,5.15,5.15,2,CONSERVAS Y OTROS
2025-02-07,CEBA TUB,1,1.55,1.55,2,FRUTA Y VERDURA
2025-02-07,PA VIENA,2,0.4,0.8,2,PANADERÍA Y BOLLERÍA
2025-02-07,PA DE FORMATGE,1,0.5,0.5,2,PANADERÍA Y BOLLERÍA
2025-02-07,BÍFIDUS FIBRES I CER,1,1.23,1.23,2,LÁCTEOS Y HUEVOS
2025-02-07,BÍFIDUS NATURAL,1,1.18,1.18,2,LÁCTEOS Y HUEVOS
2025-02-07,NOCILLA ORIGINAL,1,3.25,3.25,2,OTROS
2025-02-08,PA DE FORMATGE,2,0.5,1.0,2,PANADERÍA Y BOLLERÍA
2025-02-08,CEREALS MIEL STARS,1,2.1,2.1,2,OTROS
2025-02-08,ROTLLE LLAR DOBLE,1,2.35,2.35,2,PANADERÍA Y BOLLERÍA
2025-02-08,CAMAMILLA,1,0.55,0.55,2,OTROS
2025-02-08,MEL DE FLORS DOSIF.,1,2.95,2.95,2,OTROS
2025-02-08,FT MERLUZA ARGENTINA,1,4.9,4.9,2,CONSERVAS Y OTROS
2025-02-08,WOK POLLASTRE,1,4.24,4.24,2,OTROS
2025-02-10,SUAVITZANT DELICAT,1,1.9,1.9,2,BEBIDAS
2025-02-10,BEURE FRUITES BOSC,1,1.94,1.94,2,BEBIDAS
2025-02-10,BÍFIDUS NATURAL,1,1.18,1.18,2,LÁCTEOS Y HUEVOS
2025-02-10,PERNIL SERRÀ SOBRE,1,4.1,4.1,2,CHARCUTERÍA
2025-02-10,FORMATGE SANDWICH,1,1.31,1.31,2,LÁCTEOS Y HUEVOS
2025-02-10,PIT EXTRA T,1,5.32,5.32,2,CHARCUTERÍA
2025-02-10,BEGUDA AVENA,1,0.95,0.95,2,BEBIDAS
2025-02-10,CAFÈ MÒLT BARREJA,1,4.6,4.6,2,BEBIDAS
2025-02-11,LLET SENCERA,2,0.94,1.88,2,LÁCTEOS Y HUEVOS
2025-02-11,BEGUDA AVENA,1,0.95,0.95,2,BEBIDAS
2025-02-11,BOSSA PLÀSTIC,1,0.15,0.15,2,LIMPIEZA Y HOGAR
2025-02-11,PA VIENA,4,0.4,1.6,2,PANADERÍA Y BOLLERÍA
2025-02-11,RAÏM VERMELLA SESE,1,2.69,2.69,2,FRUTA Y VERDURA
2025-02-11,ENCENEDOR CUINA WAVE,1,2.57,2.57,2,OTROS
2025-02-11,CUIDACOL NATURAL,1,2.46,2.46,2,CUIDADO PERSONAL
2025-02-11,BÍF FRUITES SIL,1,1.23,1.23,2,BEBIDAS
2025-02-11,FORMATGE TALLS LIGHT,1,2.46,2.46,2,LÁCTEOS Y HUEVOS
2025-02-14,RAÏM BLANC SESE PEP,1,3.01,3.01,2,FRUTA Y VERDURA
2025-02-14,BÍFIDUS MANGO,1,1.23,1.23,2,LÁCTEOS Y HUEVOS
2025-02-14,ROTLLE LLAR DOBLE,1,2.35,2.35,2,PANADERÍA Y BOLLERÍA
2025-02-14,LLET SENCERA,2,0.94,1.88,2,LÁCTEOS Y HUEVOS
2025-02-14,BEBER F. BOSQUE,2,1.37,2.74,2,BEBIDAS
2025-02-14,PERNIL SERRÀ SOBRE,1,4.1,4.1,2,CHARCUTERÍA
2025-02-14,GALL DINDI A DAUS,1,4.77,4.77,2,OTROS
2025-02-14,FILET PIT,1,3.6,3.6,2,CHARCUTERÍA
2025-02-14,FUET ESPETEC EXTRA,2,2.57,5.14,2,CHARCUTERÍA
2025-02-17,BEGUDA AVENA,1,0.95,0.95,2,BEBIDAS
2025-02-17,BEBER F. BOSQUE,1,1.37,1.37,2,BEBIDAS
2025-02-17,PA VIENA,2,0.4,0.8,2,PANADERÍA Y BOLLERÍA
2025-02-17,BÍFIDUS FIBRES I CER,1,1.23,1.23,2,LÁCTEOS Y HUEVOS
2025-02-17,BÍFIDUS MANGO,1,1.23,1.23,2,LÁCTEOS Y HUEVOS
2025-02-17,BÍFIDUS NATURAL,1,1.18,1.18,2,LÁCTEOS Y HUEVOS
2025-02-17,PERNIL SERRÀ SOBRE,1,4.1,4.1,2,CHARCUTERÍA
2025-02-17,FORMATGE TALLS LIGHT,1,2.27,2.27,2,LÁCTEOS Y HUEVOS
2025-02-17,BRAVAS,1,2.5,2.5,2,OTROS
2025-02-20,PAPER HUMIT WC,1,1.55,1.55,2,LIMPIEZA Y HOGAR
2025-02-20,RAÏM BLANC SESE PEP,1,2.94,2.94,2,FRUTA Y VERDURA
2025-02-20,BOSSA PLÀSTIC,2,0.15,0.3,2,LIMPIEZA Y HOGAR
2025-02-20,FLOCS DE CIVADA,1,1.35,1.35,2,FRUTA Y VERDURA
2025-02-20,BEGUDA AVENA,1,0.95,0.95,2,BEBIDAS
2025-02-20,BÍF FRUITES SIL,1,1.23,1.23,2,BEBIDAS
2025-02-20,COLGATE ANTICARIES,2,1.95,3.9,2,BEBIDAS
2025-02-20,FORMATGE SANDWICH,1,1.31,1.31,2,LÁCTEOS Y HUEVOS
2025-02-20,RAÏM VERMELLA SESE,1,2.61,2.61,2,FRUTA Y VERDURA
2025-02-20,PA VIENA,2,0.4,0.8,2,PANADERÍA Y BOLLERÍA
2025-02-20,ARRÒS LLARG,1,1.41,1.41,2,PASTA Y ARROZ
2025-02-20,LLONZA COLL,1,4.87,4.87,2,CHARCUTERÍA
2025-02-20,TOMÀQUET R. ARTESANA,1,1.5,1.5,2,FRUTA Y VERDURA
2025-02-21,BEGUDA AVENA,3,0.95,2.85,2,BEBIDAS
2025-02-21,BEBER F. BOSQUE,2,1.37,2.74,2,BEBIDAS
2025-02-21,LLET SENCERA,2,0.94,1.88,2,LÁCTEOS Y HUEVOS
2025-02-21,BÍFIDUS MANGO,1,1.23,1.23,2,LÁCTEOS Y HUEVOS
2025-02-21,BOSSES ES.CUBELL ALT,1,1.85,1.85,2,LIMPIEZA Y HOGAR
2025-02-21,PAPER HUMIT WC,2,1.55,3.1,2,LIMPIEZA Y HOGAR
2025-02-21,BÍFIDUS FIBRES I CER,1,1.23,1.23,2,LÁCTEOS Y HUEVOS
2025-02-21,PERNIL SERRÀ SOBRE,1,4.1,4.1,2,CHARCUTERÍA
2025-02-21,FILET,1,4.92,4.92,2,CHARCUTERÍA
2025-02-21,FILET,1,5.08,5.08,2,CHARCUTERÍA
2025-02-21,CEBA TUB,1,2.4,2.4,2,FRUTA Y VERDURA
2025-02-21,CUIDACOL MADUIXA,1,2.46,2.46,2,CUIDADO PERSONAL
2025-02-21,TOMÀQUET R. ARTESANA,1,1.5,1.5,2,FRUTA Y VERDURA
2025-02-22,LLEIXIU NORMAL,1,0.8,0.8,2,CONSERVAS Y OTROS
2025-02-22,MELÓ ENVASAT,1,3.85,3.85,2,FRUTA Y VERDURA
2025-02-22,FT MERLUZA ARGENTINA,1,4.9,4.9,2,CONSERVAS Y OTROS
2025-02-22,FESTUC NATURAL,1,2.74,2.74,2,SNACKS Y GOLOSINAS
2025-02-24,ROTLLE LLAR DOBLE,1,2.35,2.35,2,PANADERÍA Y BOLLERÍA
2025-02-24,BEBER F. BOSQUE,2,1.37,2.74,2,BEBIDAS
2025-02-24,RAÏM BLANC SESE PEP,1,2.71,2.71,2,FRUTA Y VERDURA
2025-02-24,RAÏM VERMELLA SESE,1,2.77,2.77,2,FRUTA Y VERDURA
2025-02-24,CAMAMILLA,1,0.55,0.55,2,OTROS
2025-02-24,GARROFÓ,1,1.56,1.56,2,FRUTA Y VERDURA
2025-02-24,PÈSOL FI,1,1.61,1.61,2,CONSERVAS Y OTROS
2025-02-24,BRAVAS,1,2.5,2.5,2,OTROS
2025-02-28,BEBER F. BOSQUE,2,1.37,2.74,2,BEBIDAS
2025-02-28,RAÏM BLANC SESE PEP,1,2.86,2.86,2,FRUTA Y VERDURA
2025-02-28,RAÏM VERMELLA SESE,1,2.8,2.8,2,FRUTA Y VERDURA
2025-02-28,LLET SENCERA,3,0.94,2.82,2,LÁCTEOS Y HUEVOS
2025-02-28,QUARTER POSTERIOR,1,4.76,4.76,2,BEBIDAS
2025-02-28,CERVESA VOLL-DAMM,2,1.02,2.04,2,BEBIDAS
2025-02-28,MINI BURGER MIXTA,1,2.65,2.65,2,PANADERÍA Y BOLLERÍA
2025-02-28,LLENTIA PARDINA,1,2.18,2.18,2,PASTA Y ARROZ
2025-02-28,BÍFIDUS FIBRES I CER,1,1.23,1.23,2,LÁCTEOS Y HUEVOS
2025-02-28,BÍF FRUITES SIL,1,1.23,1.23,2,BEBIDAS
2025-02-28,PERNIL SERRÀ SOBRE,1,3.95,3.95,2,CHARCUTERÍA
2025-02-28,FILET PIT,1,4.63,4.63,2,CHARCUTERÍA
2025-02-28,TOMÀQUET R. ARTESANA,3,1.5,4.5,2,FRUTA Y VERDURA
2025-02-28,ARRÒS LLARG,1,1.41,1.41,2,PASTA Y ARROZ
2025-02-28,BEGUDA AVENA,2,0.95,1.9,2,BEBIDAS
2025-02-28,HIGIÈNIC DOBLE ROTLL,1,4.7,4.7,2,LIMPIEZA Y HOGAR
2025-02-28,FESTUC NATURAL,1,2.74,2.74,2,SNACKS Y GOLOSINAS
2025-02-28,MELÓ ENVASAT,1,4.46,4.46,2,FRUTA Y VERDURA
2025-02-28,PA DE FORMATGE,2,0.47,0.94,2,PANADERÍA Y BOLLERÍA
2025-03-01,DET. BLANCA I COLOR,1,5.65,5.65,3,LIMPIEZA Y HOGAR
2025-03-01,DETERGENT ROBA COLOR,1,4.4,4.4,3,BEBIDAS
2025-03-01,PAPER HUMIT WC,2,1.55,3.1,3,LIMPIEZA Y HOGAR
2025-03-01,CUIDACOL MADUIXA,1,2.46,2.46,3,CUIDADO PERSONAL
2025-03-01,XAMPÚ REPARA I PROT.,1,3.55,3.55,3,CHARCUTERÍA
2025-03-01,BÍFIDUS MANGO,1,1.23,1.23,3,LÁCTEOS Y HUEVOS
2025-03-01,CAMAMILLA,1,0.55,0.55,3,OTROS
2025-03-01,PORCIONES BAC,1,5.5,5.5,3,CHARCUTERÍA
2025-03-01,PA VIENA,2,0.38,0.76,3,PANADERÍA Y BOLLERÍA
2025-03-04,GREC NATURAL,1,2.27,2.27,3,LÁCTEOS Y HUEVOS
2025-03-04,BEBER F. BOSQUE,1,1.37,1.37,3,BEBIDAS
2025-03-04,BÍFIDUS NATURAL,1,1.18,1.18,3,LÁCTEOS Y HUEVOS
2025-03-04,BEGUDA AVENA,2,0.95,1.9,3,BEBIDAS
2025-03-04,LLET SENCERA,2,0.94,1.88,3,LÁCTEOS Y HUEVOS
2025-03-04,FILM TRANSPARENT,1,1.85,1.85,3,LIMPIEZA Y HOGAR
2025-03-04,ARRÒS LLARG,1,1.41,1.41,3,PASTA Y ARROZ
2025-03-04,PERNIL CUIT LF,1,2.05,2.05,3,CHARCUTERÍA
2025-03-04,BRAVAS,1,2.5,2.5,3,OTROS
2025-03-05,OLI VERGE EXTRA,1,16.65,16.65,3,CONSERVAS Y OTROS
2025-03-05,PA VIENA,2,0.38,0.76,3,PANADERÍA Y BOLLERÍA
2025-03-05,FLOCS DE CIVADA,1,1.35,1.35,3,FRUTA Y VERDURA
2025-03-05,MELÓ ENVASAT,1,4.27,4.27,3,FRUTA Y VERDURA
2025-03-07,ROTLLE LLAR DOBLE,1,2.35,2.35,3,PANADERÍA Y BOLLERÍA
2025-03-07,BEGUDA AVENA,2,0.95,1.9,3,BEBIDAS
2025-03-07,BEBER F. BOSQUE,1,1.37,1.37,3,BEBIDAS
2025-03-07,MIG SALMÓ,1,14.71,14.71,3,OTROS
2025-03-07,MAGDALENA RODONA,1,1.9,1.9,3,OTROS
2025-03-07,CONTRACUIXA DESOSSAD,1,5.23,5.23,3,OTROS
2025-03-07,RAÏM VERMELLA SESE,1,2.82,2.82,3,FRUTA Y VERDURA
2025-03-07,PERNIL CUIT LF,1,2.05,2.05,3,CHARCUTERÍA
2025-03-07,CAMAMILLA,1,0.55,0.55,3,OTROS
2025-03-07,PERNIL SERRÀ SOBRE,1,3.95,3.95,3,CHARCUTERÍA
2025-03-07,FORMATGE TALLS LIGHT,1,2.36,2.36,3,LÁCTEOS Y HUEVOS
2025-03-07,NOCILLA ORIGINAL,1,3.85,3.85,3,OTROS
2025-03-07,MELÓ ENVASAT,1,5.26,5.26,3,FRUTA Y VERDURA
2025-03-07,ARRÒS LLARG,1,1.41,1.41,3,PASTA Y ARROZ
2025-03-10,HIGIÈNIC DOBLE ROTLL,1,4.7,4.7,3,LIMPIEZA Y HOGAR
2025-03-10,SUAVITZANT DELICAT,1,1.9,1.9,3,BEBIDAS
2025-03-10,BEGUDA AVENA,2,0.95,1.9,3,BEBIDAS
2025-03-10,LLET SENCERA,2,0.94,1.88,3,LÁCTEOS Y HUEVOS
2025-03-10,BÍFIDUS FIBRES I CER,1,1.23,1.23,3,LÁCTEOS Y HUEVOS
2025-03-10,BÍFIDUS NATURAL,1,1.18,1.18,3,LÁCTEOS Y HUEVOS
2025-03-10,LLONZA COLL,1,4.34,4.34,3,CHARCUTERÍA
2025-03-10,RAÏM BLANC SESE PEP,1,2.58,2.58,3,FRUTA Y VERDURA
2025-03-10,MINI BURGER MIXTA,1,2.65,2.65,3,PANADERÍA Y BOLLERÍA
2025-03-10,BRAVAS,1,2.5,2.5,3,OTROS
2025-03-11,BOSSA PLÀSTIC,2,0.15,0.3,3,LIMPIEZA Y HOGAR
2025-03-11,PA VIENA,4,0.38,1.52,3,PANADERÍA Y BOLLERÍA
2025-03-11,VALENCIANA,1,2.4,2.4,3,OTROS
2025-03-11,FORMATGE SANDWICH,1,1.35,1.35,3,LÁCTEOS Y HUEVOS
2025-03-11,GEL AMB LLEIXIU,1,1.9,1.9,3,LIMPIEZA Y HOGAR
2025-03-11,MELMELADA MADUIXA,1,1.55,1.55,3,OTROS
2025-03-11,FILTRES CAFÈ,1,1.95,1.95,3,BEBIDAS
2025-03-11,NAPOLITANA MIXTA,1,0.9,0.9,3,PANADERÍA Y BOLLERÍA
2025-03-11,CUIDACOL NATURAL,1,2.46,2.46,3,CUIDADO PERSONAL
2025-03-11,PERNIL SERRÀ SOBRE,1,3.95,3.95,3,CHARCUTERÍA
2025-03-11,NATILLES VAINILLA,1,1.05,1.05,3,OTROS
2025-03-14,AIGUA,1,0.25,0.25,3,OTROS
2025-03-14,BOSSA PLÀSTIC,2,0.15,0.3,3,LIMPIEZA Y HOGAR
2025-03-14,FILET,1,5.4,5.4,3,CHARCUTERÍA
2025-03-14,ALBARIÑO P. ORANTES,1,6.0,6.0,3,BEBIDAS
2025-03-14,FILET,1,4.51,4.51,3,CHARCUTERÍA
2025-03-14,ROTLLE LLAR DOBLE,1,2.35,2.35,3,PANADERÍA Y BOLLERÍA
2025-03-14,BEGUDA AVENA,2,0.95,1.9,3,BEBIDAS
2025-03-14,TOTAL ACTION ELIX.,2,1.35,2.7,3,OTROS
2025-03-14,BEBER F. BOSQUE,2,1.37,2.74,3,BEBIDAS
2025-03-14,CAMAMILLA,1,0.55,0.55,3,OTROS
2025-03-14,MELÓ ENVASAT,1,3.93,3.93,3,FRUTA Y VERDURA
2025-03-14,MELÓ ENVASAT,1,4.71,4.71,3,FRUTA Y VERDURA
2025-03-14,BÍFIDUS MANGO,1,1.23,1.23,3,LÁCTEOS Y HUEVOS
2025-03-14,BÍFIDUS FIBRES I CER,1,1.23,1.23,3,LÁCTEOS Y HUEVOS
2025-03-14,PA DE FORMATGE,2,0.47,0.94,3,PANADERÍA Y BOLLERÍA
2025-03-14,FILET DE PIT,1,5.48,5.48,3,CHARCUTERÍA
2025-03-14,TOMÀQUET RAMALLET,1,3.65,3.65,3,FRUTA Y VERDURA
2025-03-14,MOZZARELLA BUFALA,1,1.85,1.85,3,LÁCTEOS Y HUEVOS
2025-03-14,FESTUC NATURAL,1,2.74,2.74,3,SNACKS Y GOLOSINAS
2025-03-14,FLOR. BROCOLI,2,1.58,3.16,3,FRUTA Y VERDURA
2025-03-14,RAÏM VERMELLA SESE,1,2.67,2.67,3,FRUTA Y VERDURA
2025-03-14,PERNIL SERRÀ SOBRE,1,3.95,3.95,3,CHARCUTERÍA
2025-03-14,FORMATGE TALLS LIGHT,1,2.49,2.49,3,LÁCTEOS Y HUEVOS
2025-03-14,FORMATGE RATLLAT POL,1,1.8,1.8,3,LÁCTEOS Y HUEVOS
2025-03-14,RAÏM BLANC SESE PEP,1,2.84,2.84,3,FRUTA Y VERDURA
2025-03-17,BEGUDA AVENA,2,0.95,1.9,3,BEBIDAS
2025-03-17,LLET SENCERA,2,0.94,1.88,3,LÁCTEOS Y HUEVOS
2025-03-17,FAIRY ULTRA,1,3.95,3.95,3,LIMPIEZA Y HOGAR
2025-03-17,ANTICALÇ PISTOLA,1,1.6,1.6,3,LIMPIEZA Y HOGAR
2025-03-17,BEBER F. BOSQUE,1,1.37,1.37,3,BEBIDAS
2025-03-17,CAFÈ MÒLT NATURAL,2,2.35,4.7,3,BEBIDAS
2025-03-17,BÍFIDUS NATURAL,1,1.18,1.18,3,LÁCTEOS Y HUEVOS
2025-03-21,BOSSA PLÀSTIC,1,0.15,0.15,3,LIMPIEZA Y HOGAR
2025-03-21,PA VIENA,2,0.38,0.76,3,PANADERÍA Y BOLLERÍA
2025-03-21,CERVESA VOLL-DAMM,2,1.02,2.04,3,BEBIDAS
2025-03-21,ALBARIÑO P. ORANTES,1,6.0,6.0,3,BEBIDAS
2025-03-21,BEBER F. BOSQUE,2,1.4,2.8,3,BEBIDAS
2025-03-21,CUIDACOL NATURAL,1,2.46,2.46,3,CUIDADO PERSONAL
2025-03-21,COSTELLA XURRASCO,1,5.73,5.73,3,BEBIDAS
2025-03-21,FLOCS DE CIVADA,1,1.35,1.35,3,FRUTA Y VERDURA
2025-03-21,ARRÒS LLARG,2,1.41,2.82,3,PASTA Y ARROZ
2025-03-21,BÍFIDUS FIBRES I CER,1,1.23,1.23,3,LÁCTEOS Y HUEVOS
2025-03-21,BÍFIDUS NATURAL,1,1.18,1.18,3,LÁCTEOS Y HUEVOS
2025-03-21,BEGUDA AVENA,2,0.95,1.9,3,BEBIDAS
2025-03-21,LLET SENCERA,2,0.94,1.88,3,LÁCTEOS Y HUEVOS
2025-03-21,TOMÀQUET RAMALLET,1,3.94,3.94,3,FRUTA Y VERDURA
2025-03-21,FORMATGE TALLS LIGHT,1,2.39,2.39,3,LÁCTEOS Y HUEVOS
2025-03-21,FORMATGE SANDWICH,1,1.35,1.35,3,LÁCTEOS Y HUEVOS
2025-03-21,PA DE FORMATGE,1,0.47,0.47,3,PANADERÍA Y BOLLERÍA
2025-03-21,DAUETS SALMÓ,1,3.8,3.8,3,OTROS
2025-03-21,MINI BURG POLLASTRE,1,2.7,2.7,3,PANADERÍA Y BOLLERÍA
2025-03-21,PIT EXTRA T,1,4.7,4.7,3,CHARCUTERÍA
2025-03-21,CEBA TUB,1,2.4,2.4,3,FRUTA Y VERDURA
2025-03-21,TOMÀQUET R. ARTESANA,2,1.5,3.0,3,FRUTA Y VERDURA
2025-03-21,RAÏM BLANC SESE PEP,1,2.65,2.65,3,FRUTA Y VERDURA
2025-03-21,RAÏM VERMELLA SESE,1,2.85,2.85,3,FRUTA Y VERDURA
2025-03-24,HIGIÈNIC DOBLE ROTLL,1,4.7,4.7,3,LIMPIEZA Y HOGAR
2025-03-24,PA VIENA,2,0.38,0.76,3,PANADERÍA Y BOLLERÍA
2025-03-24,VALENCIANA,1,2.4,2.4,3,OTROS
2025-03-24,BÍFIDUS NATURAL,1,1.18,1.18,3,LÁCTEOS Y HUEVOS
2025-03-24,BEBER F. BOSQUE,1,1.4,1.4,3,BEBIDAS
2025-03-24,MELMELADA GERD,1,2.45,2.45,3,OTROS
2025-03-24,LLET SENCERA,2,0.94,1.88,3,LÁCTEOS Y HUEVOS
2025-03-24,BEGUDA AVENA,2,0.95,1.9,3,BEBIDAS
2025-03-24,RAÏM BLANC SESE PEP,1,2.64,2.64,3,FRUTA Y VERDURA
2025-03-24,ARRÒS LLARG,1,1.41,1.41,3,PASTA Y ARROZ
2025-03-24,BRAVAS,1,2.5,2.5,3,OTROS
2025-03-24,GALL DINDI A DAUS,1,5.08,5.08,3,OTROS
2025-03-24,CAMAMILLA,1,0.55,0.55,3,OTROS
2025-03-24,TOMÀQUET R. ARTESANA,1,1.5,1.5,3,FRUTA Y VERDURA
2025-03-24,PERNIL CUIT LF,1,2.05,2.05,3,CHARCUTERÍA
2025-03-28,LLET SENCERA,3,0.94,2.82,3,LÁCTEOS Y HUEVOS
2025-03-28,BEGUDA AVENA,2,0.95,1.9,3,BEBIDAS
2025-03-28,BÍFIDUS MANGO,1,1.23,1.23,3,LÁCTEOS Y HUEVOS
2025-03-28,BÍFIDUS FIBRES I CER,1,1.23,1.23,3,LÁCTEOS Y HUEVOS
2025-03-28,CERVESA VOLL-DAMM,2,1.02,2.04,3,BEBIDAS
2025-03-28,GEL COCO,1,1.5,1.5,3,CUIDADO PERSONAL
2025-03-28,PAPER HUMIT WC,2,1.55,3.1,3,LIMPIEZA Y HOGAR
2025-03-28,BEBER F. BOSQUE,1,1.4,1.4,3,BEBIDAS
2025-03-28,TOMÀQUET R. ARTESANA,1,1.5,1.5,3,FRUTA Y VERDURA
2025-03-28,RAÏM VERMELLA SESE,1,2.67,2.67,3,FRUTA Y VERDURA
2025-03-28,PERNIL CUIT LF,1,2.05,2.05,3,CHARCUTERÍA
2025-03-28,FORMATGE TALLS LIGHT,1,2.29,2.29,3,LÁCTEOS Y HUEVOS
2025-03-28,FILET PROVENÇAL,1,3.48,3.48,3,CHARCUTERÍA
2025-03-28,RAÏM BLANC SESE PEP,1,2.88,2.88,3,FRUTA Y VERDURA
2025-03-28,BURGER BOVÍ PORC,1,4.0,4.0,3,OTROS
2025-03-28,FILET,1,5.22,5.22,3,CHARCUTERÍA
2025-03-28,FILET,1,5.48,5.48,3,CHARCUTERÍA
2025-03-28,FILET DE PIT,1,5.52,5.52,3,CHARCUTERÍA
2025-03-28,FLOR. BROCOLI,2,1.58,3.16,3,FRUTA Y VERDURA
2025-03-28,FESTUC NATURAL,1,2.74,2.74,3,SNACKS Y GOLOSINAS
2025-03-28,TOMÀQUET RAMALLET,1,3.33,3.33,3,FRUTA Y VERDURA
2025-03-29,GEL COCO,3,1.5,4.5,3,CUIDADO PERSONAL
2025-03-29,BEGUDA AVENA,1,0.95,0.95,3,BEBIDAS
2025-03-29,TOTAL ACTION ELIX.,1,1.35,1.35,3,OTROS
2025-03-29,BOSSA PLÀSTIC,2,0.15,0.3,3,LIMPIEZA Y HOGAR
2025-03-29,INTERDENTAL EXT FINO,1,1.5,1.5,3,BEBIDAS
2025-03-29,FORMATGE RATLLAT PIZ,3,1.62,4.86,3,LÁCTEOS Y HUEVOS
2025-03-29,BÍFIDUS NATURAL,1,1.18,1.18,3,LÁCTEOS Y HUEVOS
2025-03-29,NOCILLA ORIGINAL,1,3.85,3.85,3,OTROS
2025-03-29,MOZZARELLA BUFALA,1,1.85,1.85,3,LÁCTEOS Y HUEVOS
